-- phpMyAdmin SQL Dump
-- version 4.6.6deb5
-- https://www.phpmyadmin.net/
--
SET SQL_MODE = "NO_AUTO_VALUE_ON_ZERO";
SET time_zone = "+00:00";


/*!40101 SET @OLD_CHARACTER_SET_CLIENT=@@CHARACTER_SET_CLIENT */;
/*!40101 SET @OLD_CHARACTER_SET_RESULTS=@@CHARACTER_SET_RESULTS */;
/*!40101 SET @OLD_COLLATION_CONNECTION=@@COLLATION_CONNECTION */;
/*!40101 SET NAMES utf8mb4 */;

--
-- Base de données :  `immo`
--

-- --------------------------------------------------------

--
-- Structure de la table `biens`
--

CREATE TABLE `biens` (
  `numerobien` varchar(10) NOT NULL DEFAULT '',
  `numeroproprietaire` int(11) DEFAULT '0',
  `nombien` varchar(50) DEFAULT NULL,
  `adresse1` varchar(50) DEFAULT NULL,
  `adresse2` varchar(50) DEFAULT NULL,
  `codeville` int(11) DEFAULT '0',
  `codetransaction` varchar(4) DEFAULT NULL,
  `codebien` varchar(4) DEFAULT NULL,
  `codecategorie` varchar(6) DEFAULT NULL,
  `pieces` int(11) DEFAULT '0',
  `chambres` int(11) DEFAULT '0',
  `surface` int(11) DEFAULT '0',
  `surfaceterrain` int(11) DEFAULT '0',
  `descriptif` text,
  `montant` decimal(10,2) DEFAULT '0.00',
  `statut` varchar(10) DEFAULT 'A vendre',
  `documents` text,
  `datecreation` timestamp NOT NULL DEFAULT CURRENT_TIMESTAMP,
  `datemodification` timestamp NOT NULL DEFAULT '0000-00-00 00:00:00'
) ENGINE=InnoDB DEFAULT CHARSET=utf8;

--
-- Contenu de la table `biens`
--

INSERT INTO `biens` (`numerobien`, `numeroproprietaire`, `nombien`, `adresse1`, `adresse2`, `codeville`, `codetransaction`, `codebien`, `codecategorie`, `pieces`, `chambres`, `surface`, `surfaceterrain`, `descriptif`, `montant`, `statut`, `documents`, `datecreation`, `datemodification`) VALUES
('ABC-001', 2, NULL, '9, rue de l\'Embarcadère', NULL, 13, 'VEN', 'APP', 'T2', 2, 1, 65, 0, 'Superbe appartement rénové avec cuisine américaine, double-vitrage, au 3ème étage.', '55952.00', 'Vendu', NULL, '2019-05-13 22:00:00', '2019-05-21 22:00:00'),
('ABC-002', 2, NULL, '9, rue de l\'Embarcadère', NULL, 13, 'VEN', 'APP', 'T3', 3, 2, 80, 0, 'Superbe appartement rénové avec cuisine américaine, double-vitrage, mézzanine mansardée servant de bureau ou de chambre d\'appoint, belle salle de vie, situé au dernier étage avec ascenseur.', '71410.00', 'A vendre', NULL, '2019-05-13 22:00:00', '2019-05-14 22:00:00'),
('ABC-003', 8, 'La Cigale', '85, avenue de la Capitainerie', NULL, 30, 'VEN', 'MAI', 'T5', 5, 3, 105, 850, 'Pour cette maison sur 850m² de jardin avec garage, cuisine équipée, séjour/salon, salle de bain moderne, 3 petites chambres, très lumineuse.', '159095.00', 'A vendre', NULL, '2019-05-13 22:00:00', '2019-05-14 22:00:00'),
('ABC-004', 9, 'Villa \"Mon Rêve\"', '76, allée des Flibustiers', NULL, 14, 'VEN', 'MAI', 'T4', 4, 2, 90, 450, 'Maisonnette, cuisine ouverte/pièce de vie 40m², 2 petites chambres, idéal pied à terre, jardinet, proche du port. Chauffage à rénover. Garage.', '141015.00', 'A vendre', NULL, '2019-05-13 22:00:00', '2019-07-12 22:00:00'),
('ABC-005', 9, NULL, '88, rue des Corsaires', NULL, 15, 'VEN', 'MAI', 'T5', 5, 3, 110, 1200, 'Maison lumineuse aux grands volumes, 3 chambres mansardées cofortables dont une avec salle de bain. Très grand terrain à remettre en état. Prévoir des travaux de ravalement. Prix négociable.', '207330.00', 'A vendre', NULL, '2019-05-13 22:00:00', '2019-05-14 22:00:00'),
('ABC-006', 9, NULL, '15, impasse des Pirates', NULL, 12, 'VEN', 'MAI', 'T4', 4, 2, 95, 800, 'Maison RDC surélevé, cuisine séjour, 2 chambres à l\'étage, grenier, grand garage, chauffage récent, à côté du métro.', '158220.00', 'A vendre', NULL, '2019-05-13 22:00:00', '2019-05-14 22:00:00'),
('ABC-007', 10, 'Boulangerie-Patisserie \"Aux Petits Choux\"', '95, avenue des Mousses', NULL, 12, 'VEN', 'FND', 'T3', 3, 0, 75, 0, 'Beau magasin renommé, style Belle Epoque, parquet en bois, petit salon de thé avec tables et chaises de style. Clientèle fidélisée dans une rue passante.', '352124.00', 'A vendre', 'Etat des lieux.xlsx', '2019-05-13 22:00:00', '2019-05-16 22:00:00'),
('ABC-008', 11, NULL, '77, rue des Remorqueurs', NULL, 26, 'VEN', 'MAI', 'T4', 4, 2, 100, 750, 'Belle vue sur la mer pour cette maison fonctionnelle avec 2 chambres, beau séjour + cheminée, véranda ensoleillée, proche des commodités, sans vis-à-vis.', '167909.00', 'A vendre', NULL, '2019-05-13 22:00:00', '2019-07-12 22:00:00'),
('ABC-009', 11, NULL, 'Allée des Ferryboat', NULL, 21, 'VEN', 'TER', 'NA', 0, 0, 0, 1200, '', '5100.00', 'A vendre', NULL, '2019-05-13 22:00:00', '2019-05-20 22:00:00'),
('ABC-010', 11, NULL, 'Impasse des Dragueurs', NULL, 27, 'VEN', 'TER', 'NA', 0, 0, 0, 950, '', '4600.00', 'Vendu', NULL, '2019-05-13 22:00:00', '2019-05-20 22:00:00'),
('ABC-011', 12, 'Magasin Tricot et Maille', '12, boulevard des Voiles', NULL, 10, 'VEN', 'FND', 'T2', 2, 0, 80, 0, 'Affaire à saisir suite départ à la retraite. Magasin bien établi depuis 50 ans, clientèle fidélisée.', '238015.00', 'A vendre', NULL, '2019-05-13 22:00:00', '2019-05-14 22:00:00'),
('ABC-012', 12, NULL, '134, avenue de la Dunette', NULL, 10, 'VEN', 'MAI', 'T6', 6, 4, 125, 600, 'A 5mn du métro, grande maison de charme avec jardin, cuisine, séjour/salon, 4 chambres dont 1 au RDC avec petite salle de bain, garage, grenier, salle de bain, 2WC. Prévoir travaux de rénovation intérieure, chauffage à changer, ravalement extérieur.', '289829.00', 'Archivé', NULL, '2019-05-13 22:00:00', '2019-05-16 22:00:00'),
('ABC-013', 13, 'Tour Verte - Bureau 122', 'Résidence le Catamaran', NULL, 3, 'VEN', 'BUR', 'T1', 1, 0, 45, 0, '', '39095.00', 'A vendre', NULL, '2019-05-13 22:00:00', '2019-05-14 22:00:00'),
('ABC-014', 13, 'Villa \"Les Pins\"', '69, boulevard de la Jonque', NULL, 29, 'VEN', 'MAI', 'T3', 3, 2, 85, 80, 'Du caractère pour cette maison sous tuiles, prévoir gros travaux, au cœur de la ville, jardinet entretenu, grenier aménageable, cave.', '49850.00', 'A vendre', NULL, '2019-05-13 22:00:00', '2019-05-14 22:00:00'),
('ABC-015', 13, NULL, '87, rue des Goemoniers', NULL, 11, 'VEN', 'MAI', 'T4', 4, 2, 80, 250, 'A 5 mn du centre, au calme, maison rénovée, ouverte sur un jardin clos de 250m², chauffage au fioul récent, au calme.', '113727.00', 'A vendre', NULL, '2019-05-13 22:00:00', '2019-05-21 22:00:00'),
('ABC-016', 14, NULL, '11, rue de l\'Abordage', NULL, 19, 'VEN', 'MAI', 'T5', 5, 3, 111, 960, 'Grande maison en pierre, hall, séjour/salon, cuisine aménagée, 3 grandes chambres, immense grenier aménageable, garage, jardin arboré.', '106409.00', 'Vendu', NULL, '2019-05-14 22:00:00', '2019-07-12 22:00:00'),
('ABC-017', 14, NULL, 'Impasse du Sinagot', NULL, 16, 'VEN', 'APP', 'T1', 1, 1, 55, 0, 'Appartement cossu pour étudiant ou jeune couple, au 5ème étage, balcon, cuisine américaine, cave.', '31708.00', 'A vendre', NULL, '2019-05-14 22:00:00', '2019-05-16 22:00:00'),
('ABC-018', 15, NULL, '9, chemin du Vaisseau Royal', NULL, 24, 'VEN', 'TER', 'NA', 0, 0, 0, 900, '', '4802.00', 'Vendu', NULL, '2019-05-14 22:00:00', '2019-05-20 22:00:00'),
('ABC-019', 15, NULL, '9, chemin du Vaisseau Royal', NULL, 24, 'VEN', 'TER', 'NA', 0, 0, 0, 850, '', '4535.00', 'A vendre', NULL, '2019-05-14 22:00:00', '2019-05-20 22:00:00'),
('ABC-020', 15, NULL, '5, rue des Canots', NULL, 24, 'VEN', 'TER', 'NA', 0, 0, 0, 1200, '', '7200.00', 'A vendre', NULL, '2019-05-14 22:00:00', '2019-07-12 22:00:00'),
('ABC-021', 16, NULL, '30, avenue du Catamaran', NULL, 3, 'VEN', 'APP', 'T4', 4, 2, 95, 0, 'Situé au 2ème étage sans ascenseur.<br>\r\nParquet vitrifié dans toutes les pièces.', '148015.00', 'A vendre', NULL, '2019-05-14 22:00:00', '2019-05-14 22:00:00'),
('ABC-022', 16, NULL, '45, boulevard Drakkar', NULL, 31, 'VEN', 'MAI', 'T6', 6, 4, 135, 1500, 'Contemporaine sur 1500m² de jardin clos, 4 chambres, séjour/salon 38m², chauffage au sol, double vitrage, proche de tout.', '240590.00', 'A vendre', NULL, '2019-05-14 22:00:00', '2019-05-14 22:00:00'),
('ABC-023', 17, 'Les Mimosas', 'Chemin du Trois Mâts', NULL, 26, 'VEN', 'MAI', 'T5', 5, 3, 110, 5000, 'Maison en pierre à rénover, hameau à 1km du centre, 5 hangars, prévoir gros travaux, bel environnement.', '59850.00', 'A vendre', NULL, '2019-05-14 22:00:00', '2019-07-12 22:00:00'),
('ABC-024', 17, NULL, 'Lieu-dit La Péniche', NULL, 26, 'VEN', 'TER', 'NA', 0, 0, 0, 1115, 'Ancienne terre agricole située à 4km du village.', '3122.00', 'A vendre', NULL, '2019-05-14 22:00:00', '2019-07-12 22:00:00'),
('ABC-025', 17, NULL, 'Lieu-dit La Péniche', NULL, 26, 'VEN', 'TER', 'NA', 0, 0, 0, 850, 'Ancienne terre agricole à 4 km du village.', '2459.00', 'A vendre', NULL, '2019-05-14 22:00:00', '2019-07-12 22:00:00'),
('ABC-026', 18, NULL, '12, rue de la Grand-Vergue', NULL, 5, 'VEN', 'APP', 'T3', 3, 2, 76, 0, 'Appartement situé sur une cour au 3ème étage avec ascenseur. Très calme et ensoleillé. A vendre vite.', '90250.00', 'A vendre', NULL, '2019-05-14 22:00:00', '2019-05-14 22:00:00'),
('ABC-027', 19, NULL, '17, rue de la Frégate', NULL, 32, 'VEN', 'APP', 'T1', 1, 1, 35, 0, 'Appartement récent au rez de chaussée situé dans la ville. Cuisine américaine; convient pour un étudiant ou un jeune couple.', '37119.00', 'A vendre', NULL, '2019-05-14 22:00:00', '2019-05-14 22:00:00'),
('ABC-028', 19, NULL, '17, rue de la Frégate', NULL, 32, 'VEN', 'APP', 'T1', 1, 1, 35, 0, 'Appartement récent au 1er étage situé dans la ville. Cuisine américaine ; convient pour un étudiant ou un jeune couple.', '38119.00', 'A vendre', NULL, '2019-05-14 22:00:00', '2019-07-12 22:00:00'),
('ABC-029', 19, NULL, '34, chemin du Galion', NULL, 30, 'LOC', 'APP', 'T5', 5, 3, 105, 0, 'Par mois, à louer vaste appartement dans immeuble récent au 3ème étage avec ascenseur. Interphone, double-vitrage, balcon, garage privé, à 2km du centre.', '740.00', 'A vendre', NULL, '2019-05-14 22:00:00', '2019-05-21 22:00:00'),
('ABC-030', 37, 'Les Sentiers Fleuris', 'Impasse du Paquebot', NULL, 29, 'VEN', 'MAI', 'T5', 5, 3, 125, 550, '<div>Dans cette maison aux <em>grands volumes</em>, 3 chambres et un bureau, belle pièce de vie, jardin, garage. Travaux de rénovation chauffage à prévoir.</div>', '91900.00', 'A vendre', NULL, '2019-05-14 22:00:00', '2019-06-14 22:00:00'),
('ABC-031', 18, NULL, 'Traverse des Pagodes', NULL, 12, 'LOC', 'APP', 'T5', 5, 3, 105, 0, 'Par mois, à louer vaste appartement au dernier étage d\'une résidence située au coeur du centre ville. Ascenseur, garage. Prévoir travaux de chauffage et rénovation intérieure.', '831.00', 'A vendre', NULL, '2019-05-14 22:00:00', '2019-05-21 22:00:00'),
('ABC-032', 18, NULL, 'Route des Trimarans', NULL, 20, 'VEN', 'TER', 'NA', 0, 0, 0, 2000, '', '13720.00', 'A vendre', NULL, '2019-05-14 22:00:00', '2019-05-14 22:00:00'),
('ABC-033', 18, NULL, 'Route des Timoniers', NULL, 21, 'VEN', 'TER', 'NA', 0, 0, 0, 1500, '', '13130.00', 'A vendre', NULL, '2019-05-14 22:00:00', '2019-05-14 22:00:00'),
('ABC-034', 20, 'Lotissement \"Les Catamarans\"', '46, rue du Spi', NULL, 23, 'VEN', 'MAI', 'T5', 5, 3, 127, 960, 'Maison neuve avec jardin paysager clos, 3 chambres dont 1 au RDC, cuisine américaine, salon/séjour, grenier aménageable. Prévoir travaux de finition intérieurs et d\'installation chauffage.', '144826.00', 'A vendre', NULL, '2019-05-14 22:00:00', '2019-07-12 22:00:00'),
('ABC-035', 20, NULL, '75, rue du Hauban', NULL, 6, 'VEN', 'MAI', 'T4', 4, 2, 85, 55, 'Petite maison en plein cœur de Paris avec jardinet, fonctionnelle, grenier, place de parking, proche du métro.', '106660.00', 'A vendre', NULL, '2019-05-14 22:00:00', '2019-07-12 22:00:00'),
('ABC-036', 20, NULL, 'Allée des Bisquines', NULL, 24, 'VEN', 'MAI', 'T1', 1, 0, 200, 760, '<div>Faites-vous un <font style=\"BACKGROUND-COLOR:#FFFF00\">loft </font>de 200m² avec sous-sol, terrain 760m² constructible, très bien situé, gros travaux à prévoir.</div>', '113727.00', 'A vendre', NULL, '2019-05-14 22:00:00', '2019-05-14 22:00:00'),
('ABC-037', 21, NULL, 'Résidence le Grand Pavois', NULL, 1, 'LOC', 'APP', 'T3', 3, 2, 85, 0, 'Par mois, à louer coquet appartement, dans résidence récente, double vitrage, ensoleillé, situé au 4ème étage, placards dans les chambres, cuisine aménagée.', '770.00', 'A vendre', NULL, '2019-05-14 22:00:00', '2019-05-16 22:00:00'),
('ABC-038', 21, NULL, 'Allée du Canonier', NULL, 25, 'VEN', 'MAI', 'T6', 6, 4, 135, 72, 'Maison traditionnelle en plein centre sur 2 étages + grenier aménagé en bureau, cuisine aménagée, salon/séjour lumineux, jardinet clos, grande chambre au 1er et 2 chambres au 2eme étage.', '158960.00', 'A vendre', NULL, '2019-05-14 22:00:00', '2019-05-21 22:00:00'),
('ABC-039', 22, NULL, '69, rue du Mistral', NULL, 14, 'VEN', 'MAI', 'T6', 6, 4, 132, 270, 'Maison sur colline, avec vue sur port, très ensoleillée, 1 chambre au RDC, 2 à l\'étage avec salles de bain, 1 chambre mezzanine, salon/séjour 65 m², cuisine américaine, patio/jardin avec piscine, garage.', '301250.00', 'A vendre', NULL, '2019-05-16 22:00:00', '2019-05-16 22:00:00'),
('ABC-040', 2, NULL, '138, Rue des Alizés', NULL, 17, 'VEN', 'MAI', 'T4', 4, 2, 120, 2000, '<div>Située en <strong>bord de mer</strong> et disposant d\'un équipement récent, cette <font\r\ncolor=\"#8066A0\"><strong>maison de caractère</strong></font> aura tout pour vous séduire.</div>', '246620.00', 'A vendre', 'Contrat.docx;Etat des lieux.xlsx', '2019-05-15 22:00:00', '2021-02-03 23:00:00'),
('ABC-041', 22, NULL, '21, boulevard du Cabestan', NULL, 33, 'VEN', 'TER', 'NA', 0, 0, 0, 680, 'Domine la rade de Toulon.', '7490.00', 'A vendre', NULL, '2019-05-16 22:00:00', '2019-05-20 22:00:00'),
('ABC-042', 22, NULL, 'Route du Vent du Sud', NULL, 33, 'VEN', 'TER', 'NA', 0, 0, 0, 700, '', '9070.00', 'A vendre', NULL, '2019-05-16 22:00:00', '2019-05-16 22:00:00'),
('ABC-043', 23, NULL, '189, rue de la Tramontane', NULL, 28, 'VEN', 'APP', 'T5', 5, 3, 112, 0, 'Grand appartement dans la ville avec terrasse verdoyante tout autour de l\'appartement, dernier étage, ascenseur, interphone, séjour/salon 70m², 2 salles de bain, très ensoleillé.', '320140.00', 'A vendre', NULL, '2019-05-16 22:00:00', '2019-05-16 22:00:00'),
('ABC-044', 23, NULL, '63, impasse de la Tortue', NULL, 3, 'LOC', 'APP', 'T3', 3, 2, 80, 0, 'Par mois, à louer appartement confortable au coeur de Paris, 1er étage, cuisine aménagée sur séjour/salon 55m², travaux salle de bain à prévoir.', '761.00', 'A vendre', NULL, '2019-05-16 22:00:00', '2019-05-16 22:00:00'),
('ABC-045', 24, NULL, 'Montée du Vent du Nord', NULL, 13, 'VEN', 'TER', 'NA', 0, 0, 0, 1300, '<div>Situé à 15 km d\'une <strong>station de ski</strong>.</div>', '5945.00', 'A vendre', NULL, '2019-05-16 22:00:00', '2019-05-16 22:00:00'),
('ABC-046', 24, NULL, '17, route du Vent d\'Ouest', NULL, 13, 'VEN', 'TER', 'NA', 0, 0, 0, 2100, '', '8743.00', 'A vendre', NULL, '2019-05-16 22:00:00', '2019-05-20 22:00:00'),
('ABC-047', 26, 'Les Iles', '102, avenue des Kerguelen', NULL, 19, 'LOC', 'MAI', 'T4', 4, 2, 99, 500, 'Par mois, à louer, jolie maison en pierre, entièrement rénovée en 2001, séjour/salon 60m², cuisine américaine, bureau, 2 grandes chambres avec placards à l\'étage, salle de bain, grenier, garage.', '609.00', 'A vendre', NULL, '2019-05-16 22:00:00', '2019-05-16 22:00:00'),
('ABC-048', 26, NULL, '53, avenue du Charcot', NULL, 23, 'VEN', 'TER', 'NA', 0, 0, 0, 1150, '', '4908.00', 'A vendre', NULL, '2019-05-16 22:00:00', '2019-05-20 22:00:00'),
('ABC-049', 27, NULL, '61, avenue du Cap Horn', NULL, 31, 'LOC', 'MAI', 'T5', 5, 3, 97, 0, 'A louer par mois, maison de cachet dans ville fortifiée, sur 2 étages, 1 chambre au RDC avec salle de bain, séjour/salon avec cheminée renaissance, cuisine, 1 chambre au 1er, 1 chambre au 2ème étage avec salle de bain.', '750.00', 'A vendre', NULL, '2019-05-16 22:00:00', '2019-07-12 22:00:00'),
('ABC-050', 27, NULL, '7, impasse des 40ème', NULL, 21, 'VEN', 'TER', 'NA', 0, 0, 0, 3000, '1500m² constructible.', '10976.00', 'A vendre', NULL, '2019-05-16 22:00:00', '2019-05-16 22:00:00'),
('ABC-051', 28, NULL, 'Lieu-dit Le Quartier-Maître', NULL, 16, 'VEN', 'MAI', 'T5', 5, 2, 106, 1800, 'Maison construite en 1998, grand terrain clos, garage, 1 bureau, salle de bain, cuisine, séjour/salon 70m² avec insert, à l\'étage 2 chambres, salle de bain, grenier.', '243918.00', 'A vendre', NULL, '2019-05-16 22:00:00', '2019-05-21 22:00:00'),
('ABC-052', 30, NULL, '4, rue des Barges', NULL, 22, 'VEN', 'TER', 'NA', 0, 0, 0, 995, 'A proximité d\'un cours d\'eau.', '3033.00', 'A vendre', NULL, '2019-05-16 22:00:00', '2019-05-16 22:00:00'),
('ABC-053', 31, NULL, '77, Parc du Brise-Glace', NULL, 18, 'VEN', 'MAI', 'T4', 4, 2, 105, 0, '<div>Grande maison de <font color=\"#1F497D\">pierre </font>en plein centre, sur 2 étages, possibilité aménagement intérieur.</div>', '251000.00', 'A vendre', NULL, '2019-05-16 22:00:00', '2019-05-21 22:00:00'),
('ABC-054', 32, NULL, 'Impasse des Fous de Bassan', NULL, 2, 'VEN', 'TER', 'NA', 0, 0, 0, 510, '', '19437.00', 'A vendre', NULL, '2019-05-16 22:00:00', '2019-05-16 22:00:00'),
('ABC-055', 32, NULL, 'Impasse des Fous de Bassan', 'BP 128', 2, 'VEN', 'TER', 'NA', 0, 0, 0, 600, '', '23867.00', 'A vendre', NULL, '2019-05-16 22:00:00', '2019-07-07 22:00:00'),
('ABC-056', 33, NULL, 'Chemin des Goëlands', NULL, 17, 'VEN', 'TER', 'NA', 0, 0, 0, 5000, '', '19056.00', 'A vendre', NULL, '2019-05-16 22:00:00', '2019-05-16 22:00:00'),
('ABC-057', 34, 'Résidence Belem', '57, avenue des Yoles', NULL, 28, 'LOC', 'APP', 'T4', 4, 2, 90, 0, 'Par mois, à louer appartement grand standing dans résidence de qualité, jardin avec jeux enfants, ascenseur, interphone, double-vitrage, emplacement parking', '745.00', 'A vendre', 'Contrat.docx;Etat des lieux.xlsx;launch.wav', '2019-05-16 22:00:00', '2019-05-16 22:00:00'),
('ABC-058', 35, NULL, '44, boulevard des Gallions', NULL, 9, 'LOC', 'APP', 'T5', 5, 3, 102, 0, 'Par mois, à louer appartement style XIXe, parquet, cheminée, plafonds hauts sculptés, salle de bain en faïence, 3 chambres, salon-séjour, cuisine équipée, cave.', '940.00', 'A vendre', NULL, '2019-05-16 22:00:00', '2019-05-16 22:00:00'),
('ABC-059', 36, NULL, '78, rue Sous-Bauquière', NULL, 12, 'LOC', 'APP', 'T3', 3, 2, 74, 0, 'Par mois, à louer appartement récent tout confort, au 5ème étage, ascenseur, double-vitrage, en plein centre, très ensoleillé.', '625.00', 'A vendre', NULL, '2019-05-16 22:00:00', '2019-05-16 22:00:00'),
('ABC-060', 36, 'Résidence \"Les Mouettes\"', '18, allée des Sentiers Côtiers', NULL, 15, 'LOC', 'APP', 'T2', 2, 1, 55, 0, 'Par mois, à louer superbe appartement neuf, dans résidence sur les hauteurs de Nice, piscine, solarium, parking privé, 2ème étage, balcon, kitchenette aménagée.', '534.00', 'A vendre', NULL, '2019-05-16 22:00:00', '2019-07-12 22:00:00');

-- --------------------------------------------------------

--
-- Structure de la table `biensdetailsoptions`
--

CREATE TABLE `biensdetailsoptions` (
  `numerobien` varchar(10) NOT NULL DEFAULT '',
  `codeoptions` varchar(5) NOT NULL DEFAULT '',
  `remarques` text
) ENGINE=InnoDB DEFAULT CHARSET=utf8;

--
-- Contenu de la table `biensdetailsoptions`
--

INSERT INTO `biensdetailsoptions` (`numerobien`, `codeoptions`, `remarques`) VALUES
('ABC-001', 'ASC', NULL),
('ABC-001', 'COLL', 'Installation de 2001'),
('ABC-001', 'INT', NULL),
('ABC-001', 'PARK', 'Couvert'),
('ABC-002', 'ASC', NULL),
('ABC-002', 'COLL', NULL),
('ABC-002', 'GAR', NULL),
('ABC-002', 'INT', NULL),
('ABC-003', 'CALM', NULL),
('ABC-003', 'CHEM', NULL),
('ABC-003', 'FUEL', 'Bon état'),
('ABC-003', 'GAR', NULL),
('ABC-003', 'JAR', NULL),
('ABC-004', 'ELEC', 'Vieillissant'),
('ABC-004', 'GAR', NULL),
('ABC-004', 'JAR', NULL),
('ABC-004', 'METRO', NULL),
('ABC-005', 'CALM', NULL),
('ABC-005', 'CHEM', NULL),
('ABC-005', 'GAR', NULL),
('ABC-005', 'GAZ', NULL),
('ABC-005', 'MER', NULL),
('ABC-005', 'TER', NULL),
('ABC-006', 'ELEC', 'Changé en 1999'),
('ABC-006', 'GAR', NULL),
('ABC-006', 'INS', NULL),
('ABC-006', 'JAR', NULL),
('ABC-006', 'METRO', NULL),
('ABC-007', 'GAZ', NULL),
('ABC-007', 'METRO', NULL),
('ABC-007', 'PARK', NULL),
('ABC-008', 'CHEM', NULL),
('ABC-008', 'FUEL', '10 ans'),
('ABC-008', 'GAR', NULL),
('ABC-008', 'JAR', NULL),
('ABC-008', 'MER', NULL),
('ABC-009', 'CALM', NULL),
('ABC-009', 'TER', NULL),
('ABC-010', 'TER', NULL),
('ABC-011', 'INDV', NULL),
('ABC-011', 'PARK', NULL),
('ABC-012', 'CHEM', NULL),
('ABC-012', 'FUEL', NULL),
('ABC-012', 'GAR', NULL),
('ABC-012', 'JAR', NULL),
('ABC-012', 'METRO', NULL),
('ABC-013', 'ASC', NULL),
('ABC-013', 'INDV', NULL),
('ABC-013', 'PARK', NULL),
('ABC-014', 'CALM', NULL),
('ABC-014', 'ELEC', 'A changer'),
('ABC-014', 'JAR', NULL),
('ABC-014', 'PARK', 'Numéro attribué'),
('ABC-015', 'CALM', NULL),
('ABC-015', 'FUEL', NULL),
('ABC-015', 'GAR', NULL),
('ABC-015', 'JAR', NULL),
('ABC-016', 'CALM', NULL),
('ABC-016', 'FUEL', NULL),
('ABC-016', 'GAR', NULL),
('ABC-016', 'INS', NULL),
('ABC-016', 'JAR', 'Arboré'),
('ABC-017', 'ASC', NULL),
('ABC-017', 'COLL', NULL),
('ABC-017', 'PARK', NULL),
('ABC-017', 'VO', NULL),
('ABC-018', 'CALM', NULL),
('ABC-019', 'CALM', NULL),
('ABC-020', 'CALM', NULL),
('ABC-020', 'TER', NULL),
('ABC-021', 'INDV', NULL),
('ABC-021', 'METRO', NULL),
('ABC-022', 'CALM', NULL),
('ABC-022', 'CHEM', NULL),
('ABC-022', 'GAR', NULL),
('ABC-022', 'TER', NULL),
('ABC-023', 'CALM', NULL),
('ABC-023', 'GRAN', NULL),
('ABC-023', 'TER', NULL),
('ABC-026', 'COLL', NULL),
('ABC-026', 'JAR', NULL),
('ABC-026', 'METRO', NULL),
('ABC-027', 'ELEC', NULL),
('ABC-029', 'ASC', NULL),
('ABC-029', 'CALM', NULL),
('ABC-029', 'COLL', NULL),
('ABC-029', 'GAR', NULL),
('ABC-029', 'INT', NULL),
('ABC-030', 'FUEL', NULL),
('ABC-030', 'GAR', NULL),
('ABC-030', 'JAR', NULL),
('ABC-031', 'ASC', NULL),
('ABC-031', 'GAR', NULL),
('ABC-031', 'INDV', 'A changer'),
('ABC-034', 'CALM', NULL),
('ABC-034', 'FUEL', 'Prévu mais non installé'),
('ABC-034', 'GAR', NULL),
('ABC-034', 'JAR', 'Paysager'),
('ABC-035', 'ELEC', NULL),
('ABC-035', 'JAR', NULL),
('ABC-035', 'METRO', NULL),
('ABC-035', 'PARK', NULL),
('ABC-036', 'TER', 'Constructible'),
('ABC-037', 'ASC', NULL),
('ABC-037', 'CALM', NULL),
('ABC-037', 'ELEC', NULL),
('ABC-037', 'INT', NULL),
('ABC-037', 'METRO', NULL),
('ABC-037', 'PARK', 'Place numérotée'),
('ABC-038', 'CHEM', NULL),
('ABC-038', 'FUEL', 'A changer'),
('ABC-038', 'METRO', NULL),
('ABC-039', 'CALM', NULL),
('ABC-039', 'CHEM', NULL),
('ABC-039', 'ELEC', NULL),
('ABC-039', 'GAR', NULL),
('ABC-039', 'JAR', 'Dans un patio intérieur à la maison.'),
('ABC-039', 'MER', NULL),
('ABC-039', 'PISC', 'Dans le patio fermé.'),
('ABC-040', 'CALM', NULL),
('ABC-040', 'FUEL', NULL),
('ABC-040', 'GAR', NULL),
('ABC-040', 'JAR', NULL),
('ABC-040', 'MER', NULL),
('ABC-043', 'CALM', NULL),
('ABC-043', 'ELEC', NULL),
('ABC-043', 'GAR', NULL),
('ABC-043', 'INT', NULL),
('ABC-044', 'COLL', NULL),
('ABC-044', 'METRO', NULL),
('ABC-047', 'CALM', NULL),
('ABC-047', 'ELEC', NULL),
('ABC-047', 'GAR', NULL),
('ABC-047', 'INS', NULL),
('ABC-049', 'CHEM', NULL),
('ABC-049', 'FUEL', NULL),
('ABC-051', 'GAR', NULL),
('ABC-051', 'GAZ', NULL),
('ABC-051', 'INS', NULL),
('ABC-051', 'JAR', NULL),
('ABC-051', 'METRO', NULL),
('ABC-053', 'FUEL', NULL),
('ABC-053', 'GAR', NULL),
('ABC-057', 'COLL', NULL),
('ABC-057', 'JAR', NULL),
('ABC-057', 'PARK', NULL),
('ABC-058', 'GAZ', NULL),
('ABC-058', 'METRO', NULL),
('ABC-059', 'ASC', NULL),
('ABC-059', 'COLL', NULL),
('ABC-059', 'METRO', NULL),
('ABC-060', 'CALM', NULL),
('ABC-060', 'ELEC', NULL),
('ABC-060', 'PARK', NULL),
('ABC-060', 'PISC', NULL);

-- --------------------------------------------------------

--
-- Structure de la table `categoriesbiens`
--

CREATE TABLE `categoriesbiens` (
  `codecategorie` varchar(6) NOT NULL DEFAULT '',
  `intitulecategorie` varchar(20) DEFAULT NULL
) ENGINE=InnoDB DEFAULT CHARSET=utf8;

--
-- Contenu de la table `categoriesbiens`
--

INSERT INTO `categoriesbiens` (`codecategorie`, `intitulecategorie`) VALUES
('NA', 'Sans objet'),
('T1', 'T1'),
('T2', 'T2'),
('T3', 'T3'),
('T4', 'T4'),
('T5', 'T5'),
('T6', 'T6');

-- --------------------------------------------------------

--
-- Structure de la table `categoriesoptions`
--

CREATE TABLE `categoriesoptions` (
  `codecategorie` varchar(4) NOT NULL DEFAULT '',
  `intitulecategorie` varchar(30) DEFAULT NULL,
  `ordreaffichage` int(11) DEFAULT '0'
) ENGINE=InnoDB DEFAULT CHARSET=utf8;

--
-- Contenu de la table `categoriesoptions`
--

INSERT INTO `categoriesoptions` (`codecategorie`, `intitulecategorie`, `ordreaffichage`) VALUES
('CHA', 'Chauffage', 2),
('DEP', 'Dépendances', 3),
('EQUI', 'Equipement/Confort', 1),
('EXT', 'Extérieurs', 4),
('SIT', 'Situation', 5);

-- --------------------------------------------------------

--
-- Structure de la table `clients`
--

CREATE TABLE `clients` (
  `numeroclient` int(11) NOT NULL,
  `titre` varchar(20) DEFAULT NULL,
  `nomclient` varchar(30) DEFAULT NULL,
  `prenomclient` varchar(20) DEFAULT NULL,
  `adresse1` varchar(50) DEFAULT NULL,
  `adresse2` varchar(50) DEFAULT NULL,
  `codeville` int(11) DEFAULT '0',
  `telephonepersonnel` varchar(25) DEFAULT NULL,
  `telephonemobile` varchar(25) DEFAULT NULL,
  `telephonebureau` varchar(25) DEFAULT NULL,
  `email` varchar(100) DEFAULT NULL,
  `siteweb` varchar(50) DEFAULT NULL,
  `remarques` text,
  `datecreation` timestamp NOT NULL DEFAULT CURRENT_TIMESTAMP,
  `datemodification` timestamp NOT NULL DEFAULT '0000-00-00 00:00:00',
  `archiver` int(1) DEFAULT '0'
) ENGINE=InnoDB DEFAULT CHARSET=utf8;

--
-- Contenu de la table `clients`
--

INSERT INTO `clients` (`numeroclient`, `titre`, `nomclient`, `prenomclient`, `adresse1`, `adresse2`, `codeville`, `telephonepersonnel`, `telephonemobile`, `telephonebureau`, `email`, `siteweb`, `remarques`, `datecreation`, `datemodification`, `archiver`) VALUES
(1, 'Madame', 'KUNTZ', 'Anne', 'Impasse des Jambettes', NULL, 13, '03 11 12 13 14', NULL, '03 12 13 14 15', NULL, NULL, '', '2019-05-13 22:00:00', '2019-05-13 22:00:00', 1),
(2, 'Mademoiselle', 'DELISLE', 'Marie', 'Résidence les Goélettes', NULL, 12, '01 07 08 09 10', NULL, NULL, NULL, NULL, '', '2019-05-13 22:00:00', '2019-07-12 22:00:00', 0),
(3, 'Monsieur', 'LAMARK', 'Paul', '4, rue Bouchain', NULL, 1, '02 10 11 12 13', '06 70 71 72 73', NULL, NULL, NULL, '', '2019-05-13 22:00:00', '2019-05-13 22:00:00', 0),
(4, 'Monsieur et Madame', 'MARTIN', 'Yves', '109, avenue de Galbord', NULL, 2, '05 11 12 13 14', NULL, NULL, NULL, NULL, '', '2019-05-13 22:00:00', '2019-05-13 22:00:00', 0),
(5, 'Monsieur et Madame', 'KELLER', 'Maxime', '8, boulevard Virures', NULL, 3, NULL, '06 80 81 82 83', NULL, NULL, NULL, '', '2019-05-13 22:00:00', '2019-05-13 22:00:00', 0),
(6, 'Monsieur et Madame', 'HERMAND', 'Marc', 'Traverse Les Barrots', NULL, 4, '04 08 09 10 11', NULL, '04 09 10 11 12', NULL, NULL, '', '2019-05-13 22:00:00', '2019-05-13 22:00:00', 0),
(7, 'Monsieur et Madame', 'EOLE', 'Rémi', '9, rue du Pont', NULL, 5, '05 12 13 14 15', '06 90 91 92 93', NULL, NULL, NULL, '', '2019-05-13 22:00:00', '2019-05-13 22:00:00', 0),
(8, 'Madame', 'MERITI', 'Laure', '7, impase des Yoles', NULL, 7, NULL, '06 11 12 13 14', NULL, NULL, NULL, '', '2019-05-13 22:00:00', '2019-05-13 22:00:00', 0),
(9, 'Mademoiselle', 'QUINGLES', 'Nina', '11, boulevard des Barques', NULL, 7, '03 13 14 15 16', NULL, '03 14 15 16 17', NULL, NULL, '', '2019-05-13 22:00:00', '2019-05-13 22:00:00', 0),
(10, 'Monsieur', 'NOVAK', 'Vladimir', 'Résidence du Yachtclub', NULL, 8, '04 10 11 12 13', NULL, NULL, NULL, NULL, '', '2019-05-13 22:00:00', '2019-05-13 22:00:00', 0),
(11, 'Monsieur et Madame', 'CHARPENTIER', 'Jules', '63, avenue du Teck', NULL, 8, '04 10 11 12 13', NULL, NULL, NULL, NULL, '', '2019-05-13 22:00:00', '2019-05-13 22:00:00', 0),
(12, 'Monsieur et Madame', 'IDDIS', 'Patrick', '55, impasse du Port', NULL, 9, '05 13 14 15 16', NULL, '05 14 15 16 17', NULL, NULL, '', '2019-05-13 22:00:00', '2019-07-12 22:00:00', 0),
(13, 'Monsieur et Madame', 'DESSART', 'Noël', '101, rue du Bastingage', NULL, 9, '01 08 09 10 11', NULL, NULL, NULL, NULL, '', '2019-05-13 22:00:00', '2019-07-12 22:00:00', 0),
(14, 'Monsieur et Madame', 'LINDON', 'Martial', 'Les Quais - Ouest', NULL, 9, '02 11 12 13 14', '06 21 22 23 24', NULL, NULL, NULL, '', '2019-05-13 22:00:00', '2019-05-13 22:00:00', 0),
(15, 'Monsieur et Madame', 'CRIMEL', 'Yvon', 'Impasse des Quillards', NULL, 10, '03 15 16 17 18', NULL, '03 16 17 18 19', NULL, NULL, '', '2019-05-13 22:00:00', '2019-05-13 22:00:00', 0),
(16, 'Madame', 'TARFIS', 'Mélanie', 'Résidences les Dériveurs', NULL, 11, '04 11 12 13 14', NULL, NULL, NULL, NULL, '', '2019-05-13 22:00:00', '2019-05-13 22:00:00', 0),
(17, 'Mademoiselle', 'SERVAL', 'Anna', 'Lieu-dit Les Filets Bleus', NULL, 13, '05 15 16 17 18', NULL, NULL, NULL, NULL, '', '2019-05-13 22:00:00', '2019-05-13 22:00:00', 0),
(18, 'Monsieur', 'BLANC', 'Guy', '55, rue du Gréement', NULL, 11, '01 10 11 12 13', NULL, '01 11 12 13 14', NULL, NULL, '', '2019-05-13 22:00:00', '2019-07-12 22:00:00', 0),
(19, 'Monsieur et Madame', 'BRAGAN', 'Richard', 'Résidence de l\'Amirauté', NULL, 13, '02 12 13 14 15', NULL, NULL, NULL, NULL, '', '2019-05-13 22:00:00', '2019-07-12 22:00:00', 0),
(20, 'Monsieur et Madame', 'LETELLIER', 'José', 'Traverse de l\'Annexe', NULL, 12, '03 17 18 19 20', NULL, NULL, NULL, NULL, '', '2019-05-13 22:00:00', '2019-05-13 22:00:00', 0),
(21, 'Monsieur et Madame', 'LE GARREC', 'Patrice', 'Lieu-dit la Godille', NULL, 12, NULL, NULL, NULL, NULL, NULL, '', '2019-05-13 22:00:00', '2019-05-13 22:00:00', 0),
(22, 'Monsieur et Madame', 'BERTOLD', 'Jonathan', 'Résidence La Chaloupe', NULL, 1, '04 12 13 14 15', '06 31 32 33 34', NULL, NULL, NULL, '', '2019-05-13 22:00:00', '2019-05-13 22:00:00', 0),
(23, 'Madame', 'BALTHUS', 'Elvire', '113, rue des Baleiniers', NULL, 2, '05 16 17 18 19', NULL, NULL, NULL, NULL, '', '2019-05-13 22:00:00', '2019-05-13 22:00:00', 0),
(24, 'Madame', 'QUENEAU', 'Adèle', '5, avenue de la Marine', NULL, 3, NULL, NULL, NULL, NULL, NULL, '', '2019-05-13 22:00:00', '2019-05-13 22:00:00', 0),
(25, 'Mademoiselle', 'SANCHEZ', 'Anna', '18, boulevard des Ecoutilles', NULL, 5, '01 12 13 14 15', NULL, '01 13 14 15 16', NULL, NULL, '', '2019-05-13 22:00:00', '2019-05-13 22:00:00', 0),
(26, 'Monsieur', 'TOUSSIER', 'Paul', 'Impasse de la Flotille', NULL, 7, '02 13 14 15 16', '06 41 42 43 44', NULL, NULL, NULL, '', '2019-05-13 22:00:00', '2019-05-13 22:00:00', 0),
(27, 'Monsieur et Madame', 'BOULANGER', 'Axel', 'Traverse des Matelots', NULL, 9, '02 14 15 16 17', NULL, NULL, NULL, NULL, '', '2019-05-13 22:00:00', '2019-05-13 22:00:00', 0),
(28, 'Monsieur et Madame', 'THIRIET', 'Jean Paul', 'Rue de la Senne', NULL, 11, '03 18 19 20 21', NULL, NULL, NULL, NULL, '', '2019-05-13 22:00:00', '2019-05-13 22:00:00', 0),
(29, 'Monsieur et Madame', 'KENWOOD', 'John', '105, avenue des Marayeurs', NULL, 13, NULL, NULL, NULL, NULL, NULL, '', '2019-05-13 22:00:00', '2019-07-12 22:00:00', 0),
(30, 'Monsieur et Madame', 'PIERREFOND', 'Alfred', '59, avenue des Ligneurs', NULL, 12, NULL, NULL, NULL, NULL, NULL, '', '2019-05-13 22:00:00', '2019-07-12 22:00:00', 0),
(32, 'Monsieur', 'BODONI', 'Paul', 'Impasse de la Flotille', NULL, 7, NULL, NULL, NULL, NULL, NULL, '', '2019-06-05 22:00:00', '2019-06-05 22:00:00', 0),
(33, 'Monsieur', 'INISAN', 'Hervé', 'Rue des Thôniers', NULL, 11, NULL, NULL, NULL, 'webmaster@self-access.com', NULL, '', '2019-07-04 22:00:00', '2019-07-04 22:00:00', 0);

-- --------------------------------------------------------

--
-- Structure de la table `photos`
--

CREATE TABLE `photos` (
  `numerophoto` int(11) NOT NULL,
  `numerobien` varchar(10) DEFAULT NULL,
  `photo` blob,
  `remarques` text
) ENGINE=InnoDB DEFAULT CHARSET=utf8;

--
-- Contenu de la table `photos`
--

INSERT INTO `photos` (`numerophoto`, `numerobien`, `photo`, `remarques`) VALUES
(1, 'ABC-040', NULL, 'Vue côté entrée'),
(2, 'ABC-040', NULL, NULL),
(3, 'ABC-040', NULL, 'Jardin arboré');

-- --------------------------------------------------------

--
-- Structure de la table `proprietaires`
--

CREATE TABLE `proprietaires` (
  `numeroproprietaire` int(11) NOT NULL,
  `titre` varchar(20) DEFAULT NULL,
  `nomproprietaire` varchar(30) DEFAULT NULL,
  `prenomproprietaire` varchar(20) DEFAULT NULL,
  `adresse1` varchar(50) DEFAULT NULL,
  `adresse2` varchar(50) DEFAULT NULL,
  `codeville` int(11) DEFAULT '0',
  `telephonepersonnel` varchar(25) DEFAULT NULL,
  `telephonemobile` varchar(25) DEFAULT NULL,
  `telephonebureau` varchar(25) DEFAULT NULL,
  `email` varchar(100) DEFAULT NULL,
  `siteweb` varchar(50) DEFAULT NULL,
  `remarques` text,
  `datecreation` timestamp NOT NULL DEFAULT CURRENT_TIMESTAMP,
  `datemodification` timestamp NOT NULL DEFAULT '0000-00-00 00:00:00',
  `archiver` int(1) DEFAULT '0'
) ENGINE=InnoDB DEFAULT CHARSET=utf8;

--
-- Contenu de la table `proprietaires`
--

INSERT INTO `proprietaires` (`numeroproprietaire`, `titre`, `nomproprietaire`, `prenomproprietaire`, `adresse1`, `adresse2`, `codeville`, `telephonepersonnel`, `telephonemobile`, `telephonebureau`, `email`, `siteweb`, `remarques`, `datecreation`, `datemodification`, `archiver`) VALUES
(2, 'Monsieur', 'INISAN', 'Hervé', 'Rue des Thôniers', NULL, 11, '01 02 03 04 05', '06 07 08 09 10', '01 02 03 04 06', 'webmaster@self-access.com', 'www.self-access.com', '', '2019-04-20 22:00:00', '2019-04-25 22:00:00', 0),
(8, 'Monsieur', 'LI-PAI', 'Wang', NULL, NULL, 12, NULL, NULL, NULL, NULL, NULL, '', '2019-04-22 22:00:00', '2019-04-22 22:00:00', 0),
(9, 'Madame', 'BEL', 'Anna', '5, Impasse des Chalutiers', NULL, 13, '02 03 04 05 06', NULL, NULL, NULL, NULL, '', '2019-05-13 22:00:00', '2019-05-15 22:00:00', 0),
(10, 'Monsieur et Madame', 'CHOUX', 'Mika', '8, chemin des Caravelles', NULL, 4, '03 04 05 06 07', '06 60 06 60 06', NULL, NULL, NULL, '', '2019-05-13 22:00:00', '2019-05-13 22:00:00', 0),
(11, 'Mademoiselle', 'MAERTENS', 'Agathe', '22, allée de la Rose des Vents', NULL, 12, '04 06 07 08 09', NULL, '04 42 04 42 04', NULL, NULL, '', '2019-05-13 22:00:00', '2019-05-13 22:00:00', 0),
(12, 'Monsieur et Madame', 'MAILLARD', 'Frédéric', '134, avenue de la Dunette', NULL, 10, '01 10 01 10 01', NULL, NULL, NULL, NULL, '', '2019-05-13 22:00:00', '2019-05-13 22:00:00', 0),
(13, 'Madame', 'DELANGLAIS', 'Catherine', '1, rue des Ecoutes d\'Artimon', NULL, 8, '04 40 04 40 04', '06 60 61 62 63', '04 41 04 41 04', NULL, NULL, '', '2019-05-13 22:00:00', '2019-05-13 22:00:00', 0),
(14, 'Monsieur et Madame', 'VIDEO', 'Théo', '96, boulevard du Guindeau', NULL, 9, '05 50 05 50 05', NULL, NULL, NULL, NULL, '', '2019-05-13 22:00:00', '2019-05-13 22:00:00', 0),
(15, 'Mademoiselle', 'DICKY', 'Steffie', '14, rue de la Bôme', NULL, 7, '02 14 18 39 45', NULL, NULL, NULL, NULL, 'Résidence principale en Allemagne', '2019-05-13 22:00:00', '2019-05-13 22:00:00', 0),
(16, 'Monsieur', 'FANET', 'Jean-Marie', '95, avenue des Verres de Pont', NULL, 11, '04 05 06 07 08', '06 05 04 03 02', NULL, NULL, NULL, '', '2019-05-13 22:00:00', '2019-05-13 22:00:00', 0),
(17, 'Monsieur et Madame', 'DERIEC', 'Alain', 'Lieu-dit du Bout-Dehors', NULL, 6, '02 04 05 06 07', '06 08 09 10 11', NULL, NULL, NULL, '', '2019-05-13 22:00:00', '2019-05-13 22:00:00', 0),
(18, 'Madame', 'DEGROIX', 'Joëlle', '12, rue de la Grand-Vergue', NULL, 5, '02 20 02 20 02', NULL, NULL, NULL, NULL, '', '2019-05-13 22:00:00', '2019-05-23 22:00:00', 0),
(19, 'Madame', 'SANCHEZ', 'Nina', '33, boulevard des Voiles de Flèche', NULL, 13, '03 06 07 08 09', NULL, '03 07 08 09 10', NULL, NULL, '', '2019-05-13 22:00:00', '2019-05-13 22:00:00', 0),
(20, 'Monsieur et Madame', 'THAI', 'Fan Cho', '75, rue du Hauban', NULL, 6, '05 06 07 08 09', '06 10 11 12 13', NULL, NULL, NULL, '', '2019-05-13 22:00:00', '2019-05-13 22:00:00', 0),
(21, 'Mademoiselle', 'TATI', 'Fabienne', 'Résidence Le Grand Pavois', NULL, 1, NULL, '06 20 21 22 23', NULL, NULL, NULL, '', '2019-05-13 22:00:00', '2019-05-13 22:00:00', 0),
(22, 'Monsieur et Madame', 'LETELLIER', 'Ferdinand', '29, boulevard Sainte-Barbe', NULL, 2, '05 07 08 09 10', NULL, NULL, NULL, NULL, '', '2019-05-13 22:00:00', '2019-05-13 22:00:00', 0),
(23, 'Madame', 'SHOKOLA', 'Julia', '63, impasse de la Tortue', NULL, 3, '05 08 09 10 11', NULL, '05 09 10 11 12', NULL, NULL, '', '2019-05-13 22:00:00', '2019-05-13 22:00:00', 0),
(24, 'Monsieur et Madame', 'HOGGART', 'Patricia', 'Lieu-dit Le Nid de Corbeau', NULL, 12, '03 08 09 10 11', NULL, NULL, NULL, NULL, '', '2019-05-13 22:00:00', '2019-05-13 22:00:00', 0),
(25, 'Monsieur et Madame', 'LOFT', 'Clara', '2, rue du Carré', NULL, 11, '01 03 04 05 06', NULL, '01 04 05 06 07', NULL, NULL, '', '2019-05-13 22:00:00', '2019-05-13 22:00:00', 0),
(26, 'Monsieur', 'MURAT', 'Elie', '123, rue du Côtre', NULL, 10, '02 05 06 07 08', NULL, NULL, NULL, NULL, '', '2019-05-13 22:00:00', '2019-06-14 22:00:00', 0),
(27, 'Madame', 'SALVAN', 'Nicole', '87, avenue des Harenguiers', NULL, 9, '02 06 07 08 09', NULL, '02 07 08 09 10', NULL, NULL, '', '2019-05-13 22:00:00', '2019-05-13 22:00:00', 0),
(28, 'Monsieur', 'KERVAREC', 'Lannig', '13, boulevard de la Carène', NULL, 7, NULL, '06 30 31 32 33', NULL, NULL, NULL, '', '2019-05-13 22:00:00', '2019-05-13 22:00:00', 0),
(29, 'Mademoiselle', 'THENE', 'Véronique', '56, chemin la Trinquette', NULL, 6, '05 08 09 10 11', NULL, '05 09 10 11 12', NULL, NULL, '', '2019-05-13 22:00:00', '2019-05-13 22:00:00', 0),
(30, 'Madame', 'BELAIR', 'Marie-Thérèse', 'Chemin Le Dundee', NULL, 6, '04 07 08 09 10', NULL, NULL, NULL, NULL, '', '2019-05-13 22:00:00', '2019-05-15 22:00:00', 0),
(31, 'Monsieur et Madame', 'HUND', 'Max', '45, avenue des Mariniers', NULL, 13, '01 05 06 07 08', NULL, NULL, NULL, NULL, '', '2019-05-13 22:00:00', '2019-05-13 22:00:00', 0),
(32, 'Monsieur et Madame', 'LE COZ', 'Daniel', '22, rue des Pêcheurs', NULL, 12, '03 09 10 11 12', '06 40 41 42 43', NULL, NULL, NULL, '', '2019-05-13 22:00:00', '2019-05-13 22:00:00', 0),
(33, 'Madame', 'WERSSER', 'Laure', '49, avenue des Écoutilles', NULL, 1, '05 10 11 12 13', NULL, NULL, NULL, NULL, '', '2019-05-13 22:00:00', '2019-06-14 22:00:00', 0),
(34, 'Monsieur et Madame', 'FRIEDLAND', 'Karl', 'Traverse des Varangues', NULL, 5, '02 08 09 10 11', NULL, '02 09 10 11 12', NULL, NULL, '', '2019-05-13 22:00:00', '2019-05-13 22:00:00', 0),
(35, 'Monsieur et Madame', 'MATINE', 'Paul', 'Lieu-dit Les Varangues', NULL, 13, '01 06 07 08 09', '06 50 51 52 53', NULL, NULL, NULL, '', '2019-05-13 22:00:00', '2019-05-13 22:00:00', 0),
(36, 'Madame', 'PELIZZI', 'Marine', '78, rue Sous-Bauquière', NULL, 12, '03 10 11 12 13', NULL, NULL, NULL, NULL, '', '2019-05-13 22:00:00', '2019-05-13 22:00:00', 0),
(37, 'Monsieur', 'ADAMSBERG', 'Jean-Baptiste', 'Rue des Laminaires', NULL, 12, '02 03 04 40 30', NULL, NULL, NULL, NULL, '', '2019-06-12 22:00:00', '2019-06-24 22:00:00', 0);

-- --------------------------------------------------------

--
-- Structure de la table `recherches`
--

CREATE TABLE `recherches` (
  `numerorecherche` int(11) NOT NULL,
  `numeroclient` int(11) DEFAULT '0',
  `typetransaction` varchar(4) DEFAULT NULL,
  `typebien` varchar(4) DEFAULT NULL,
  `piece` smallint(6) DEFAULT '0',
  `chambres` int(11) DEFAULT '0',
  `surfacehabitable` int(11) DEFAULT '0',
  `surfaceterrain` int(11) DEFAULT '0',
  `prixminimum` decimal(10,2) DEFAULT '0.00',
  `prixmaximum` decimal(10,2) DEFAULT '10000000.00',
  `remarques` text,
  `statut` varchar(20) DEFAULT 'Active'
) ENGINE=InnoDB DEFAULT CHARSET=utf8;

--
-- Contenu de la table `recherches`
--

INSERT INTO `recherches` (`numerorecherche`, `numeroclient`, `typetransaction`, `typebien`, `piece`, `chambres`, `surfacehabitable`, `surfaceterrain`, `prixminimum`, `prixmaximum`, `remarques`, `statut`) VALUES
(1, 27, 'VEN', 'MAI', 4, 2, 80, 0, '90000.00', '200000.00', 'Maison secondaire proche de la mer', 'Active'),
(2, 1, 'LOC', 'APP', 1, 1, 55, 0, '304.00', '762.00', 'Appartement 1 ou 2 pièces dans Paris', 'Active'),
(3, 2, 'VEN', 'APP', 1, 1, 35, 0, '30000.00', '50000.00', NULL, 'Active'),
(4, 3, 'VEN', 'MAI', 4, 2, 80, 100, '100000.00', '250000.00', 'Maison dans un quartier calme', 'Active'),
(5, 3, 'VEN', 'TER', 0, 0, 0, 800, '2400.00', '6000.00', 'Quartier calme', 'Active'),
(6, 5, 'VEN', 'TER', 0, 0, 0, 1000, '3000.00', '6000.00', NULL, 'Active'),
(7, 5, 'VEN', 'MAI', 5, 3, 100, 500, '120000.00', '250000.00', NULL, 'Active'),
(8, 4, 'VEN', 'MAI', 5, 3, 90, 500, '100000.00', '200000.00', NULL, 'Terminée'),
(9, 28, 'VEN', 'MAI', 4, 2, 80, 0, '100000.00', '200000.00', NULL, 'Active'),
(10, 29, 'VEN', 'TER', 0, 0, 0, 1000, '3000.00', '6000.00', NULL, 'Active'),
(11, 6, 'LOC', 'MAI', 4, 2, 80, 200, '500.00', '700.00', NULL, 'Active'),
(12, 8, 'VEN', 'TER', 0, 0, 0, 1000, '3000.00', '7000.00', NULL, 'Active'),
(13, 7, 'VEN', 'TER', 0, 0, 0, 500, '18000.00', '25000.00', NULL, 'Active'),
(14, 30, 'VEN', 'TER', 0, 0, 0, 800, '2000.00', '4000.00', NULL, 'Active'),
(15, 9, 'LOC', 'APP', 2, 1, 50, 0, '500.00', '900.00', NULL, 'Active'),
(16, 8, 'VEN', 'MAI', 4, 2, 80, 200, '100000.00', '200000.00', NULL, 'Active'),
(17, 8, 'VEN', 'FND', 1, 0, 50, 0, '100000.00', '250000.00', NULL, 'Active'),
(18, 7, 'VEN', 'MAI', 4, 2, 90, 100, '90000.00', '200000.00', NULL, 'Active'),
(19, 11, 'VEN', 'TER', 0, 0, 0, 800, '3000.00', '10000.00', NULL, 'Active'),
(20, 11, 'VEN', 'MAI', 4, 2, 80, 500, '90000.00', '150000.00', NULL, 'Active'),
(21, 13, 'LOC', 'MAI', 4, 2, 90, 0, '800.00', '1000.00', NULL, 'Active'),
(22, 13, 'VEN', 'MAI', 4, 2, 90, 500, '100000.00', '250000.00', NULL, 'Active'),
(23, 14, 'LOC', 'APP', 4, 2, 90, 0, '700.00', '1000.00', NULL, 'Active'),
(24, 14, 'VEN', 'APP', 4, 2, 90, 0, '100000.00', '350000.00', NULL, 'Active'),
(25, 15, 'LOC', 'APP', 3, 2, 70, 0, '600.00', '1000.00', NULL, 'Active'),
(26, 16, 'VEN', 'MAI', 4, 2, 90, 200, '100000.00', '200000.00', NULL, 'Active'),
(27, 18, 'VEN', 'MAI', 4, 2, 80, 0, '100000.00', '300000.00', NULL, 'Active'),
(28, 18, 'VEN', 'APP', 3, 2, 75, 0, '80000.00', '200000.00', NULL, 'Active'),
(29, 19, 'VEN', 'MAI', 3, 2, 80, 80, '45000.00', '160000.00', 'De 3 à 5 pièces', 'Active'),
(30, 20, 'VEN', 'TER', 0, 0, 0, 800, '2000.00', '40000.00', NULL, 'Active'),
(31, 20, 'VEN', 'MAI', 4, 2, 90, 500, '100000.00', '250000.00', NULL, 'Active'),
(32, 21, 'VEN', 'TER', 0, 0, 0, 1000, '2000.00', '20000.00', NULL, 'Active'),
(33, 21, 'VEN', 'MAI', 4, 2, 85, 500, '100000.00', '200000.00', NULL, 'Active'),
(34, 22, 'VEN', 'TER', 0, 0, 0, 800, '2000.00', '15000.00', NULL, 'Active'),
(35, 22, 'VEN', 'MAI', 5, 3, 100, 50, '100000.00', '200000.00', NULL, 'Active'),
(36, 24, 'VEN', 'APP', 2, 1, 60, 0, '50000.00', '80000.00', NULL, 'Active'),
(37, 25, 'VEN', 'TER', 0, 0, 0, 1000, '5000.00', '20000.00', NULL, 'Active'),
(38, 25, 'VEN', 'MAI', 4, 2, 100, 500, '100000.00', '250000.00', NULL, 'Active'),
(39, 25, 'LOC', 'APP', 4, 2, 90, 0, '700.00', '1000.00', NULL, 'Active');

-- --------------------------------------------------------

--
-- Structure de la table `recherchesvilles`
--

CREATE TABLE `recherchesvilles` (
  `numerorecherche` int(11) NOT NULL,
  `codeville` int(11) NOT NULL DEFAULT '0',
  `numeropreference` int(11) DEFAULT '0',
  `remarques` text
) ENGINE=InnoDB DEFAULT CHARSET=utf8;

--
-- Contenu de la table `recherchesvilles`
--

INSERT INTO `recherchesvilles` (`numerorecherche`, `codeville`, `numeropreference`, `remarques`) VALUES
(1, 16, 2, NULL),
(1, 26, 1, NULL),
(2, 1, 1, NULL),
(2, 2, 2, NULL),
(2, 3, 3, NULL),
(3, 32, 0, NULL),
(4, 16, 2, NULL),
(4, 17, 1, NULL),
(5, 16, 2, NULL),
(5, 17, 1, NULL),
(6, 33, 0, NULL),
(7, 14, 2, NULL),
(7, 15, 3, NULL),
(7, 33, 1, NULL),
(8, 15, 0, NULL),
(9, 11, 0, NULL),
(10, 13, 0, NULL),
(11, 11, 2, NULL),
(11, 19, 1, NULL),
(12, 23, 2, NULL),
(12, 24, 1, NULL),
(13, 2, 0, NULL),
(14, 22, 0, NULL),
(15, 1, 0, NULL),
(15, 3, 0, NULL),
(16, 23, 1, NULL),
(16, 24, 2, NULL),
(17, 23, 1, NULL),
(17, 24, 2, NULL),
(18, 2, 1, NULL),
(18, 6, 2, NULL),
(19, 21, 0, NULL),
(20, 21, 0, NULL),
(21, 31, 0, NULL),
(22, 31, 0, NULL),
(23, 28, 0, NULL),
(24, 28, 0, NULL),
(25, 12, 0, NULL),
(26, 30, 0, NULL),
(27, 5, 4, NULL),
(27, 6, 3, NULL),
(27, 9, 1, NULL),
(27, 10, 2, NULL),
(28, 5, 1, NULL),
(28, 6, 3, NULL),
(28, 9, 0, NULL),
(28, 10, 2, NULL),
(29, 29, 1, NULL),
(29, 30, 2, NULL),
(30, 16, 2, NULL),
(30, 26, 1, NULL),
(31, 16, 2, NULL),
(31, 26, 1, NULL),
(32, 11, 3, NULL),
(32, 20, 1, NULL),
(32, 21, 2, NULL),
(33, 11, 3, NULL),
(33, 20, 1, NULL),
(33, 21, 2, NULL),
(34, 24, 2, NULL),
(34, 25, 1, NULL),
(35, 24, 2, NULL),
(35, 25, 1, NULL),
(36, 13, 1, NULL),
(37, 12, 2, NULL),
(37, 17, 1, NULL),
(38, 12, 2, NULL),
(38, 17, 1, NULL),
(39, 12, 2, NULL),
(39, 17, 1, NULL);

-- --------------------------------------------------------

--
-- Structure de la table `typesbiens`
--

CREATE TABLE `typesbiens` (
  `codebien` varchar(4) NOT NULL DEFAULT '',
  `intitulebien` varchar(20) DEFAULT NULL
) ENGINE=InnoDB DEFAULT CHARSET=utf8;

--
-- Contenu de la table `typesbiens`
--

INSERT INTO `typesbiens` (`codebien`, `intitulebien`) VALUES
('APP', 'Appartement'),
('BUR', 'Bureau'),
('FND', 'Fonds de commerce'),
('MAI', 'Maison'),
('TER', 'Terrain');

-- --------------------------------------------------------

--
-- Structure de la table `typesoptions`
--

CREATE TABLE `typesoptions` (
  `codeoption` varchar(5) NOT NULL DEFAULT '',
  `categorieoption` varchar(4) DEFAULT NULL,
  `intituleoption` varchar(30) DEFAULT NULL
) ENGINE=InnoDB DEFAULT CHARSET=utf8;

--
-- Contenu de la table `typesoptions`
--

INSERT INTO `typesoptions` (`codeoption`, `categorieoption`, `intituleoption`) VALUES
('ASC', 'EXT', 'Ascenseur'),
('CALM', 'SIT', 'Quartier calme'),
('CHEM', 'EQUI', 'Cheminée'),
('COLL', 'CHA', 'Chauffage collectif'),
('ELEC', 'CHA', 'Chauffage électrique'),
('FUEL', 'CHA', 'Chauffage au fuel'),
('GAR', 'DEP', 'Garage'),
('GAZ', 'CHA', 'Chauffage au gaz'),
('GRAN', 'DEP', 'Grange'),
('INDV', 'CHA', 'Chauffage individuel'),
('INS', 'EQUI', 'Insert'),
('INT', 'EQUI', 'Interphone'),
('JAR', 'EXT', 'Jardin'),
('MER', 'SIT', 'Vue sur mer'),
('METRO', 'SIT', 'Proximité métro ou RER'),
('PARC', 'EXT', 'Parc'),
('PARK', 'DEP', 'Parking'),
('PISC', 'DEP', 'Piscine'),
('TER', 'EXT', 'Terrain'),
('VO', 'EQUI', 'Vide ordures');

-- --------------------------------------------------------

--
-- Structure de la table `typestransactions`
--

CREATE TABLE `typestransactions` (
  `codetransaction` varchar(4) NOT NULL DEFAULT '',
  `intituletransaction` varchar(20) DEFAULT NULL
) ENGINE=InnoDB DEFAULT CHARSET=utf8;

--
-- Contenu de la table `typestransactions`
--

INSERT INTO `typestransactions` (`codetransaction`, `intituletransaction`) VALUES
('LOC', 'Location'),
('VEN', 'Vente');

-- --------------------------------------------------------

--
-- Structure de la table `villes`
--

CREATE TABLE `villes` (
  `codeville` int(11) NOT NULL,
  `nomville` varchar(40) DEFAULT NULL,
  `codepostal` varchar(5) DEFAULT NULL,
  `pays` varchar(50) DEFAULT NULL
) ENGINE=InnoDB DEFAULT CHARSET=utf8;

--
-- Contenu de la table `villes`
--

INSERT INTO `villes` (`codeville`, `nomville`, `codepostal`, `pays`) VALUES
(1, 'PARIS 01', '75001', 'France'),
(2, 'PARIS 02', '75002', 'France'),
(3, 'PARIS 03', '75003', 'France'),
(4, 'PARIS 04', '75004', 'France'),
(5, 'PARIS 05', '75005', 'France'),
(6, 'PARIS 06', '75006', 'France'),
(7, 'PARIS 07', '75007', 'France'),
(8, 'PARIS 08', '75008', 'France'),
(9, 'PARIS 09', '75009', 'France'),
(10, 'PARIS 10', '75010', 'France'),
(11, 'RENNES', '35000', 'France'),
(12, 'NANTES', '44000', 'France'),
(13, 'GRENOBLE', '36000', 'France'),
(14, 'MARSEILLE', '13000', 'France'),
(15, 'NICE', '06000', 'France'),
(16, 'BORDEAUX', '33000', 'France'),
(17, 'VANNES', '56000', 'France'),
(18, 'QUIMPER', '29000', 'France'),
(19, 'SAINT BRIEUC', '22000', 'France'),
(20, 'SAINT LO', '50000', 'France'),
(21, 'CAEN', '14000', 'France'),
(22, 'ROUEN', '27000', 'France'),
(23, 'AMIENS', '80000', 'France'),
(24, 'ARRAS', '62000', 'France'),
(25, 'LILLE', '59000', 'France'),
(26, 'LA ROCHE SUR YON', '85000', 'France'),
(27, 'ANGOULEME', '17000', 'France'),
(28, 'MONT DE MARSAN', '40000', 'France'),
(29, 'PAU', '64000', 'France'),
(30, 'PERPIGNAN', '66000', 'France'),
(31, 'CARCASSONNE', '11000', 'France'),
(32, 'MONTPELLIER', '34000', 'France'),
(33, 'TOULON', '83000', 'France'),
(37, 'STRASBOURG', '67000', 'France');

-- --------------------------------------------------------

--
-- Structure de la table `visites`
--

CREATE TABLE `visites` (
  `numerobien` varchar(10) NOT NULL DEFAULT '',
  `numeroclient` int(11) NOT NULL DEFAULT '0',
  `datevisite` timestamp NOT NULL DEFAULT CURRENT_TIMESTAMP ON UPDATE CURRENT_TIMESTAMP,
  `prochaincontact` timestamp NOT NULL DEFAULT '0000-00-00 00:00:00',
  `interet` text,
  `remarques` text
) ENGINE=InnoDB DEFAULT CHARSET=utf8;

--
-- Contenu de la table `visites`
--

INSERT INTO `visites` (`numerobien`, `numeroclient`, `datevisite`, `prochaincontact`, `interet`, `remarques`) VALUES
('ABC-001', 1, '2020-10-07 22:00:00', '2020-10-08 22:00:00', 'Demande réflexion;Intéressé', ''),
('ABC-001', 4, '2020-02-13 23:00:00', '2020-02-27 23:00:00', 'Demande réflexion;Pas intéressé', ''),
('ABC-001', 7, '2020-02-23 23:00:00', '2020-03-13 23:00:00', 'Intéressé', ''),
('ABC-001', 7, '2020-03-18 23:00:00', '2020-03-27 23:00:00', NULL, ''),
('ABC-001', 12, '2020-01-31 23:00:00', '2020-02-14 23:00:00', 'Intéressé', ''),
('ABC-001', 12, '2020-11-22 23:00:00', '2020-11-28 23:00:00', 'Pas intéressé', ''),
('ABC-001', 13, '2020-09-17 22:00:00', '2020-10-01 22:00:00', 'Intéressé', ''),
('ABC-001', 14, '2020-08-12 22:00:00', '2020-09-04 22:00:00', 'Demande réflexion', ''),
('ABC-001', 16, '2020-02-11 23:00:00', '2020-03-04 23:00:00', 'Intéressé', ''),
('ABC-001', 18, '2020-01-01 23:00:00', '2020-01-15 23:00:00', 'Demande réflexion', ''),
('ABC-001', 19, '2020-06-21 22:00:00', '2020-07-10 22:00:00', 'Intéressé', ''),
('ABC-001', 19, '2020-11-27 23:00:00', '2020-12-18 23:00:00', 'Pas intéressé', ''),
('ABC-001', 20, '2020-09-17 22:00:00', '2020-09-24 22:00:00', 'Demande réflexion', ''),
('ABC-001', 21, '2020-01-27 23:00:00', '2020-02-18 23:00:00', NULL, ''),
('ABC-001', 22, '2020-01-31 23:00:00', '2020-02-26 23:00:00', NULL, ''),
('ABC-001', 23, '2020-07-17 22:00:00', '2020-07-25 22:00:00', 'Pas intéressé', ''),
('ABC-001', 24, '2020-11-09 23:00:00', '2020-11-12 23:00:00', NULL, ''),
('ABC-001', 27, '2020-05-25 22:00:00', '2020-06-08 22:00:00', NULL, ''),
('ABC-001', 27, '2020-08-13 22:00:00', '2020-09-07 22:00:00', 'Demande réflexion', ''),
('ABC-001', 29, '2020-08-02 22:00:00', '2020-08-13 22:00:00', 'Pas intéressé', ''),
('ABC-001', 29, '2020-08-13 22:00:00', '2020-08-29 22:00:00', 'Demande réflexion', ''),
('ABC-001', 29, '2020-08-28 22:00:00', '2020-09-06 22:00:00', 'Demande réflexion', ''),
('ABC-001', 29, '2020-10-07 22:00:00', '2020-11-02 23:00:00', 'Intéressé', ''),
('ABC-002', 1, '2020-04-02 22:00:00', '2020-04-30 22:00:00', 'Demande réflexion;Intéressé', ''),
('ABC-002', 2, '2020-01-22 23:00:00', '2020-02-01 23:00:00', NULL, ''),
('ABC-002', 2, '2020-08-15 22:00:00', '2020-09-08 22:00:00', 'Intéressé', ''),
('ABC-002', 3, '2020-01-12 23:00:00', '2020-01-16 23:00:00', 'Intéressé', ''),
('ABC-002', 3, '2020-03-31 22:00:00', '2020-04-27 22:00:00', NULL, ''),
('ABC-002', 3, '2020-10-09 22:00:00', '2020-10-12 22:00:00', NULL, ''),
('ABC-002', 3, '2020-11-03 23:00:00', '2020-11-16 23:00:00', NULL, ''),
('ABC-002', 6, '2020-11-04 23:00:00', '2020-11-16 23:00:00', 'Pas intéressé', ''),
('ABC-002', 6, '2020-12-09 23:00:00', '2020-12-27 23:00:00', 'Demande réflexion', ''),
('ABC-002', 7, '2020-05-29 22:00:00', '2020-06-01 22:00:00', 'Intéressé', ''),
('ABC-002', 7, '2020-08-30 22:00:00', '2020-09-27 22:00:00', 'Pas intéressé', ''),
('ABC-002', 9, '2020-05-19 22:00:00', '2020-05-21 22:00:00', 'Demande réflexion', ''),
('ABC-002', 9, '2020-09-03 22:00:00', '2020-09-25 22:00:00', 'Demande réflexion', ''),
('ABC-002', 10, '2020-12-28 23:00:00', '2021-01-06 23:00:00', NULL, ''),
('ABC-002', 11, '2020-03-07 23:00:00', '2020-03-11 23:00:00', 'Demande réflexion', ''),
('ABC-002', 11, '2020-11-29 23:00:00', '2020-12-02 23:00:00', NULL, ''),
('ABC-002', 12, '2020-06-16 22:00:00', '2020-06-21 22:00:00', 'Demande réflexion', ''),
('ABC-002', 14, '2020-01-07 23:00:00', '2020-01-18 23:00:00', 'Intéressé', ''),
('ABC-002', 16, '2020-07-26 22:00:00', '2020-08-05 22:00:00', 'Pas intéressé', ''),
('ABC-002', 17, '2020-09-21 22:00:00', '2020-10-14 22:00:00', 'Pas intéressé', ''),
('ABC-002', 18, '2020-08-05 22:00:00', '2020-08-26 22:00:00', 'Pas intéressé', ''),
('ABC-002', 19, '2020-05-28 22:00:00', '2020-06-16 22:00:00', 'Demande réflexion', ''),
('ABC-002', 19, '2020-09-24 22:00:00', '2020-10-10 22:00:00', 'Demande réflexion', ''),
('ABC-002', 20, '2020-01-07 23:00:00', '2020-01-23 23:00:00', 'Pas intéressé', ''),
('ABC-002', 20, '2020-04-26 22:00:00', '2020-05-01 22:00:00', 'Intéressé', ''),
('ABC-002', 20, '2020-11-09 23:00:00', '2020-11-29 23:00:00', 'Pas intéressé', ''),
('ABC-002', 23, '2020-02-10 23:00:00', '2020-03-10 23:00:00', NULL, ''),
('ABC-002', 23, '2020-09-30 22:00:00', '2020-10-11 22:00:00', 'Pas intéressé', ''),
('ABC-002', 25, '2020-03-04 23:00:00', '2020-03-09 23:00:00', 'Intéressé', ''),
('ABC-002', 27, '2020-05-15 22:00:00', '2020-06-01 22:00:00', 'Demande réflexion;Intéressé', ''),
('ABC-002', 27, '2020-05-21 22:00:00', '2020-06-01 22:00:00', 'Intéressé', ''),
('ABC-002', 27, '2020-11-16 23:00:00', '2020-12-16 23:00:00', NULL, ''),
('ABC-002', 29, '2020-06-02 22:00:00', '2020-06-26 22:00:00', 'Pas intéressé', ''),
('ABC-002', 30, '2020-02-06 23:00:00', '2020-02-14 23:00:00', 'Intéressé', ''),
('ABC-002', 30, '2020-05-26 22:00:00', '2020-06-19 22:00:00', NULL, ''),
('ABC-002', 32, '2020-01-01 23:00:00', '2020-01-21 23:00:00', 'Intéressé', ''),
('ABC-003', 1, '2020-11-05 23:00:00', '2020-12-05 23:00:00', 'Pas intéressé', ''),
('ABC-003', 2, '2020-03-13 23:00:00', '2020-04-12 22:00:00', 'Demande réflexion', ''),
('ABC-003', 4, '2020-02-03 23:00:00', '2020-02-24 23:00:00', 'Pas intéressé', ''),
('ABC-003', 4, '2020-11-13 23:00:00', '2020-11-18 23:00:00', NULL, ''),
('ABC-003', 5, '2020-08-11 22:00:00', '2020-08-15 22:00:00', 'Pas intéressé', ''),
('ABC-003', 6, '2020-01-29 23:00:00', '2020-02-19 23:00:00', 'Demande réflexion', ''),
('ABC-003', 6, '2020-02-27 23:00:00', '2020-03-17 23:00:00', 'Intéressé', ''),
('ABC-003', 7, '2020-02-03 23:00:00', '2020-02-23 23:00:00', 'Intéressé', ''),
('ABC-003', 7, '2020-05-27 22:00:00', '2020-05-30 22:00:00', 'Intéressé', ''),
('ABC-003', 9, '2020-06-10 22:00:00', '2020-06-29 22:00:00', 'Demande réflexion', ''),
('ABC-003', 9, '2020-08-28 22:00:00', '2020-09-12 22:00:00', 'Demande réflexion', ''),
('ABC-003', 10, '2020-01-23 23:00:00', '2020-02-17 23:00:00', NULL, ''),
('ABC-003', 11, '2020-06-11 22:00:00', '2020-06-19 22:00:00', NULL, ''),
('ABC-003', 12, '2020-04-28 22:00:00', '2020-05-03 22:00:00', 'Demande réflexion', ''),
('ABC-003', 14, '2020-10-30 23:00:00', '2020-11-27 23:00:00', 'Pas intéressé', ''),
('ABC-003', 17, '2020-09-13 22:00:00', '2020-10-08 22:00:00', 'Intéressé', ''),
('ABC-003', 17, '2020-09-15 22:00:00', '2020-09-23 22:00:00', 'Intéressé', ''),
('ABC-003', 19, '2020-12-29 23:00:00', '2021-01-11 23:00:00', NULL, ''),
('ABC-003', 21, '2020-10-10 22:00:00', '2020-10-14 22:00:00', 'Pas intéressé', ''),
('ABC-003', 22, '2020-04-28 22:00:00', '2020-05-14 22:00:00', 'Intéressé', ''),
('ABC-003', 24, '2020-07-23 22:00:00', '2020-08-13 22:00:00', 'Intéressé', ''),
('ABC-003', 24, '2020-10-01 22:00:00', '2020-10-08 22:00:00', 'Demande réflexion', ''),
('ABC-003', 30, '2020-11-29 23:00:00', '2020-12-12 23:00:00', 'Intéressé', ''),
('ABC-003', 33, '2020-01-04 23:00:00', '2020-01-31 23:00:00', 'Demande réflexion', ''),
('ABC-003', 33, '2020-05-18 22:00:00', '2020-06-12 22:00:00', 'Demande réflexion', ''),
('ABC-003', 33, '2020-07-03 22:00:00', '2020-07-29 22:00:00', NULL, ''),
('ABC-003', 33, '2020-11-25 23:00:00', '2020-12-04 23:00:00', 'Pas intéressé', ''),
('ABC-004', 1, '2020-06-24 22:00:00', '2020-07-16 22:00:00', 'Pas intéressé', ''),
('ABC-004', 2, '2020-07-21 22:00:00', '2020-07-26 22:00:00', 'Pas intéressé', ''),
('ABC-004', 2, '2020-10-16 22:00:00', '2020-11-03 23:00:00', NULL, ''),
('ABC-004', 3, '2020-03-03 23:00:00', '2020-03-23 23:00:00', NULL, ''),
('ABC-004', 4, '2020-11-26 23:00:00', '2020-12-18 23:00:00', NULL, ''),
('ABC-004', 5, '2020-08-15 22:00:00', '2020-09-06 22:00:00', 'Pas intéressé', ''),
('ABC-004', 6, '2020-01-16 23:00:00', '2020-02-01 23:00:00', 'Demande réflexion', ''),
('ABC-004', 7, '2020-11-11 23:00:00', '2020-12-09 23:00:00', NULL, ''),
('ABC-004', 7, '2020-12-27 23:00:00', '2021-01-20 23:00:00', NULL, ''),
('ABC-004', 8, '2020-01-07 23:00:00', '2020-01-20 23:00:00', 'Pas intéressé', ''),
('ABC-004', 8, '2020-04-24 22:00:00', '2020-05-08 22:00:00', NULL, ''),
('ABC-004', 9, '2020-04-11 22:00:00', '2020-04-27 22:00:00', 'Pas intéressé', ''),
('ABC-004', 9, '2020-12-11 23:00:00', '2021-01-06 23:00:00', 'Pas intéressé', ''),
('ABC-004', 10, '2020-10-03 22:00:00', '2020-10-18 22:00:00', NULL, ''),
('ABC-004', 11, '2020-01-23 23:00:00', '2020-02-09 23:00:00', NULL, ''),
('ABC-004', 11, '2020-01-31 23:00:00', '2020-02-25 23:00:00', NULL, ''),
('ABC-004', 11, '2020-04-29 22:00:00', '2020-05-07 22:00:00', 'Demande réflexion', ''),
('ABC-004', 11, '2020-06-25 22:00:00', '2020-06-29 22:00:00', 'Intéressé', ''),
('ABC-004', 12, '2020-07-19 22:00:00', '2020-08-15 22:00:00', 'Intéressé', ''),
('ABC-004', 13, '2020-03-11 23:00:00', '2020-03-16 23:00:00', 'Pas intéressé', ''),
('ABC-004', 14, '2020-03-29 22:00:00', '2020-04-20 22:00:00', 'Demande réflexion', ''),
('ABC-004', 14, '2020-10-12 22:00:00', '2020-10-20 22:00:00', NULL, ''),
('ABC-004', 14, '2020-10-14 22:00:00', '2020-11-10 23:00:00', 'Pas intéressé', ''),
('ABC-004', 15, '2020-04-12 22:00:00', '2020-04-16 22:00:00', NULL, ''),
('ABC-004', 15, '2020-05-13 22:00:00', '2020-05-14 22:00:00', 'Intéressé', ''),
('ABC-004', 16, '2020-03-01 23:00:00', '2020-03-14 23:00:00', 'Pas intéressé', ''),
('ABC-004', 16, '2020-11-11 23:00:00', '2020-12-02 23:00:00', NULL, ''),
('ABC-004', 16, '2020-12-25 23:00:00', '2021-01-05 23:00:00', 'Pas intéressé', ''),
('ABC-004', 18, '2020-08-26 22:00:00', '2020-09-23 22:00:00', 'Demande réflexion', ''),
('ABC-004', 19, '2020-02-14 23:00:00', '2020-02-16 23:00:00', NULL, ''),
('ABC-004', 19, '2020-03-20 23:00:00', '2020-04-17 22:00:00', 'Intéressé', ''),
('ABC-004', 19, '2020-05-06 22:00:00', '2020-05-10 22:00:00', 'Pas intéressé', ''),
('ABC-004', 20, '2020-03-02 23:00:00', '2020-03-22 23:00:00', 'Pas intéressé', ''),
('ABC-004', 20, '2020-06-13 22:00:00', '2020-07-07 22:00:00', 'Pas intéressé', ''),
('ABC-004', 20, '2020-10-24 22:00:00', '2020-10-27 23:00:00', 'Demande réflexion', ''),
('ABC-004', 21, '2020-10-25 22:00:00', '2020-11-22 23:00:00', 'Pas intéressé', ''),
('ABC-004', 23, '2020-06-11 22:00:00', '2020-06-28 22:00:00', 'Intéressé', ''),
('ABC-004', 24, '2020-09-16 22:00:00', '2020-09-26 22:00:00', 'Intéressé', ''),
('ABC-004', 24, '2020-11-26 23:00:00', '2020-12-08 23:00:00', 'Demande réflexion', ''),
('ABC-004', 25, '2020-06-13 22:00:00', '2020-07-11 22:00:00', 'Pas intéressé', ''),
('ABC-004', 25, '2020-08-08 22:00:00', '2020-08-25 22:00:00', 'Intéressé', ''),
('ABC-004', 26, '2020-04-20 22:00:00', '2020-05-20 22:00:00', 'Intéressé', ''),
('ABC-004', 26, '2020-06-24 22:00:00', '2020-07-07 22:00:00', NULL, ''),
('ABC-004', 26, '2020-06-28 22:00:00', '2020-07-08 22:00:00', 'Intéressé', ''),
('ABC-004', 27, '2020-08-10 22:00:00', '2020-09-04 22:00:00', 'Demande réflexion', ''),
('ABC-004', 28, '2020-01-13 23:00:00', '2020-01-15 23:00:00', 'Pas intéressé', ''),
('ABC-004', 32, '2020-07-25 22:00:00', '2020-07-31 22:00:00', 'Demande réflexion', ''),
('ABC-004', 32, '2020-12-09 23:00:00', '2021-01-03 23:00:00', NULL, ''),
('ABC-004', 33, '2020-07-12 22:00:00', '2020-07-22 22:00:00', 'Intéressé', ''),
('ABC-005', 1, '2020-12-17 23:00:00', '2021-01-12 23:00:00', 'Demande réflexion', ''),
('ABC-005', 2, '2020-12-10 23:00:00', '2021-01-08 23:00:00', NULL, ''),
('ABC-005', 6, '2020-12-05 23:00:00', '2020-12-10 23:00:00', NULL, ''),
('ABC-005', 7, '2020-10-16 22:00:00', '2020-10-21 22:00:00', 'Pas intéressé', ''),
('ABC-005', 8, '2020-05-11 22:00:00', '2020-05-22 22:00:00', 'Intéressé', ''),
('ABC-005', 9, '2020-01-21 23:00:00', '2020-02-07 23:00:00', 'Demande réflexion', ''),
('ABC-005', 9, '2020-04-04 22:00:00', '2020-05-03 22:00:00', 'Demande réflexion', ''),
('ABC-005', 9, '2020-07-03 22:00:00', '2020-07-24 22:00:00', 'Pas intéressé', ''),
('ABC-005', 9, '2020-08-25 22:00:00', '2020-09-02 22:00:00', 'Intéressé', ''),
('ABC-005', 10, '2020-05-05 22:00:00', '2020-05-25 22:00:00', 'Demande réflexion', ''),
('ABC-005', 10, '2020-12-11 23:00:00', '2020-12-26 23:00:00', 'Intéressé', ''),
('ABC-005', 11, '2020-12-02 23:00:00', '2020-12-31 23:00:00', 'Demande réflexion', ''),
('ABC-005', 12, '2020-02-12 23:00:00', '2020-02-21 23:00:00', 'Pas intéressé', ''),
('ABC-005', 12, '2020-03-24 23:00:00', '2020-04-03 22:00:00', 'Pas intéressé', ''),
('ABC-005', 14, '2020-12-19 23:00:00', '2021-01-05 23:00:00', NULL, ''),
('ABC-005', 16, '2020-06-18 22:00:00', '2020-06-28 22:00:00', 'Intéressé', ''),
('ABC-005', 18, '2020-10-01 22:00:00', '2020-10-21 22:00:00', 'Pas intéressé', ''),
('ABC-005', 19, '2020-01-28 23:00:00', '2020-02-26 23:00:00', 'Intéressé', ''),
('ABC-005', 20, '2020-11-24 23:00:00', '2020-11-27 23:00:00', NULL, ''),
('ABC-005', 22, '2020-07-08 22:00:00', '2020-07-20 22:00:00', 'Demande réflexion', ''),
('ABC-005', 22, '2020-08-04 22:00:00', '2020-08-07 22:00:00', NULL, ''),
('ABC-005', 23, '2020-06-30 22:00:00', '2020-07-30 22:00:00', NULL, ''),
('ABC-005', 23, '2020-09-13 22:00:00', '2020-09-20 22:00:00', 'Intéressé', ''),
('ABC-005', 25, '2020-07-20 22:00:00', '2020-08-18 22:00:00', 'Demande réflexion', ''),
('ABC-005', 26, '2020-01-05 23:00:00', '2020-01-27 23:00:00', 'Intéressé', ''),
('ABC-005', 28, '2020-09-18 22:00:00', '2020-10-12 22:00:00', 'Demande réflexion', ''),
('ABC-005', 29, '2020-02-24 23:00:00', '2020-03-05 23:00:00', 'Pas intéressé', ''),
('ABC-005', 29, '2020-06-06 22:00:00', '2020-07-04 22:00:00', 'Pas intéressé', ''),
('ABC-005', 32, '2020-05-16 22:00:00', '2020-06-14 22:00:00', 'Intéressé', ''),
('ABC-005', 32, '2020-11-26 23:00:00', '2020-12-12 23:00:00', 'Pas intéressé', ''),
('ABC-005', 33, '2020-04-16 22:00:00', '2020-05-15 22:00:00', 'Demande réflexion', ''),
('ABC-006', 1, '2020-12-13 23:00:00', '2021-01-05 23:00:00', 'Pas intéressé', ''),
('ABC-006', 4, '2020-01-07 23:00:00', '2020-02-05 23:00:00', 'Demande réflexion', ''),
('ABC-006', 4, '2020-01-14 23:00:00', '2020-02-13 23:00:00', 'Demande réflexion', ''),
('ABC-006', 4, '2020-03-20 23:00:00', '2020-04-07 22:00:00', 'Intéressé', ''),
('ABC-006', 4, '2020-12-15 23:00:00', '2020-12-24 23:00:00', 'Intéressé', ''),
('ABC-006', 5, '2020-01-07 23:00:00', '2020-01-08 23:00:00', 'Pas intéressé', ''),
('ABC-006', 6, '2020-08-17 22:00:00', '2020-08-31 22:00:00', 'Intéressé', ''),
('ABC-006', 7, '2020-03-27 22:00:00', '2020-04-16 22:00:00', 'Intéressé', ''),
('ABC-006', 7, '2020-05-05 22:00:00', '2020-05-11 22:00:00', 'Demande réflexion', ''),
('ABC-006', 7, '2020-07-24 22:00:00', '2020-07-30 22:00:00', NULL, ''),
('ABC-006', 7, '2020-11-12 23:00:00', '2020-11-13 23:00:00', 'Pas intéressé', ''),
('ABC-006', 8, '2020-03-11 23:00:00', '2020-03-16 23:00:00', NULL, ''),
('ABC-006', 9, '2020-04-01 22:00:00', '2020-04-05 22:00:00', NULL, ''),
('ABC-006', 9, '2020-11-26 23:00:00', '2020-11-30 23:00:00', 'Pas intéressé', ''),
('ABC-006', 9, '2020-12-21 23:00:00', '2021-01-07 23:00:00', 'Demande réflexion', ''),
('ABC-006', 11, '2020-01-23 23:00:00', '2020-01-26 23:00:00', 'Pas intéressé', ''),
('ABC-006', 11, '2020-04-15 22:00:00', '2020-04-27 22:00:00', 'Intéressé', ''),
('ABC-006', 11, '2020-08-23 22:00:00', '2020-09-07 22:00:00', 'Demande réflexion', ''),
('ABC-006', 12, '2020-06-24 22:00:00', '2020-07-05 22:00:00', 'Demande réflexion', ''),
('ABC-006', 13, '2020-09-04 22:00:00', '2020-09-16 22:00:00', 'Demande réflexion', ''),
('ABC-006', 15, '2020-07-08 22:00:00', '2020-08-03 22:00:00', 'Pas intéressé', ''),
('ABC-006', 16, '2020-02-03 23:00:00', '2020-02-04 23:00:00', 'Pas intéressé', ''),
('ABC-006', 16, '2020-05-15 22:00:00', '2020-06-14 22:00:00', 'Demande réflexion', ''),
('ABC-006', 18, '2020-01-06 23:00:00', '2020-01-20 23:00:00', 'Demande réflexion', ''),
('ABC-006', 20, '2020-10-15 22:00:00', '2020-10-31 23:00:00', 'Intéressé', ''),
('ABC-006', 21, '2020-05-11 22:00:00', '2020-05-19 22:00:00', 'Demande réflexion', ''),
('ABC-006', 23, '2020-05-07 22:00:00', '2020-05-15 22:00:00', 'Demande réflexion', ''),
('ABC-006', 23, '2020-11-09 23:00:00', '2020-11-25 23:00:00', 'Demande réflexion', ''),
('ABC-006', 25, '2020-05-16 22:00:00', '2020-06-04 22:00:00', NULL, ''),
('ABC-006', 27, '2020-04-16 22:00:00', '2020-04-28 22:00:00', 'Pas intéressé', ''),
('ABC-006', 29, '2020-01-18 23:00:00', '2020-02-11 23:00:00', 'Pas intéressé', ''),
('ABC-006', 30, '2020-06-01 22:00:00', '2020-06-23 22:00:00', NULL, ''),
('ABC-006', 30, '2020-09-13 22:00:00', '2020-09-22 22:00:00', 'Pas intéressé', ''),
('ABC-006', 32, '2020-03-23 23:00:00', '2020-04-01 22:00:00', NULL, ''),
('ABC-006', 32, '2020-04-28 22:00:00', '2020-05-20 22:00:00', 'Intéressé', ''),
('ABC-007', 1, '2020-08-04 22:00:00', '2020-08-31 22:00:00', 'Pas intéressé', ''),
('ABC-007', 1, '2020-10-14 22:00:00', '2020-11-02 23:00:00', 'Intéressé', ''),
('ABC-007', 2, '2020-01-20 23:00:00', '2020-02-11 23:00:00', 'Intéressé', ''),
('ABC-007', 2, '2020-03-03 23:00:00', '2020-03-10 23:00:00', 'Demande réflexion', ''),
('ABC-007', 3, '2020-12-20 23:00:00', '2020-12-21 23:00:00', 'Demande réflexion', ''),
('ABC-007', 5, '2020-09-18 22:00:00', '2020-09-24 22:00:00', 'Pas intéressé', ''),
('ABC-007', 6, '2020-09-28 22:00:00', '2020-10-07 22:00:00', 'Intéressé', ''),
('ABC-007', 9, '2020-03-17 23:00:00', '2020-03-28 23:00:00', 'Intéressé', ''),
('ABC-007', 9, '2020-06-07 22:00:00', '2020-06-17 22:00:00', NULL, ''),
('ABC-007', 9, '2020-09-04 22:00:00', '2020-09-23 22:00:00', 'Pas intéressé', ''),
('ABC-007', 11, '2020-11-15 23:00:00', '2020-12-05 23:00:00', 'Demande réflexion', ''),
('ABC-007', 12, '2020-03-18 23:00:00', '2020-04-01 22:00:00', 'Pas intéressé', ''),
('ABC-007', 14, '2020-02-02 23:00:00', '2020-02-24 23:00:00', 'Pas intéressé', ''),
('ABC-007', 15, '2020-05-20 22:00:00', '2020-06-15 22:00:00', NULL, ''),
('ABC-007', 16, '2020-01-02 23:00:00', '2020-02-01 23:00:00', 'Pas intéressé', ''),
('ABC-007', 16, '2020-02-11 23:00:00', '2020-03-07 23:00:00', 'Pas intéressé', ''),
('ABC-007', 16, '2020-07-04 22:00:00', '2020-07-22 22:00:00', 'Pas intéressé', ''),
('ABC-007', 17, '2020-01-22 23:00:00', '2020-02-12 23:00:00', 'Intéressé', ''),
('ABC-007', 17, '2020-04-16 22:00:00', '2020-04-23 22:00:00', 'Intéressé', ''),
('ABC-007', 18, '2020-12-22 23:00:00', '2020-12-23 23:00:00', 'Demande réflexion', ''),
('ABC-007', 19, '2020-10-23 22:00:00', '2020-11-06 23:00:00', 'Intéressé', ''),
('ABC-007', 21, '2020-11-04 23:00:00', '2020-12-03 23:00:00', 'Demande réflexion', ''),
('ABC-007', 22, '2020-02-01 23:00:00', '2020-02-03 23:00:00', 'Intéressé', ''),
('ABC-007', 22, '2020-06-11 22:00:00', '2020-07-11 22:00:00', 'Intéressé', ''),
('ABC-007', 22, '2020-11-08 23:00:00', '2020-11-21 23:00:00', 'Intéressé', ''),
('ABC-007', 24, '2020-05-17 22:00:00', '2020-05-18 22:00:00', NULL, ''),
('ABC-007', 26, '2020-04-21 22:00:00', '2020-05-10 22:00:00', 'Intéressé', ''),
('ABC-007', 28, '2020-09-28 22:00:00', '2020-10-04 22:00:00', 'Intéressé', ''),
('ABC-007', 28, '2020-12-17 23:00:00', '2021-01-14 23:00:00', NULL, ''),
('ABC-007', 29, '2020-03-14 23:00:00', '2020-04-13 22:00:00', NULL, ''),
('ABC-007', 29, '2020-12-18 23:00:00', '2021-01-08 23:00:00', NULL, ''),
('ABC-007', 30, '2020-03-18 23:00:00', '2020-04-16 22:00:00', NULL, ''),
('ABC-007', 32, '2020-03-15 23:00:00', '2020-03-31 22:00:00', 'Pas intéressé', ''),
('ABC-008', 2, '2020-04-29 22:00:00', '2020-05-24 22:00:00', 'Demande réflexion', ''),
('ABC-008', 2, '2020-11-18 23:00:00', '2020-11-24 23:00:00', 'Intéressé', ''),
('ABC-008', 3, '2020-02-04 23:00:00', '2020-02-09 23:00:00', 'Demande réflexion', ''),
('ABC-008', 3, '2020-10-02 22:00:00', '2020-10-12 22:00:00', 'Pas intéressé', ''),
('ABC-008', 4, '2020-04-13 22:00:00', '2020-04-16 22:00:00', 'Pas intéressé', ''),
('ABC-008', 4, '2020-04-29 22:00:00', '2020-05-02 22:00:00', 'Pas intéressé', ''),
('ABC-008', 5, '2020-03-11 23:00:00', '2020-03-15 23:00:00', 'Intéressé', ''),
('ABC-008', 5, '2020-08-16 22:00:00', '2020-09-04 22:00:00', 'Intéressé', ''),
('ABC-008', 6, '2020-07-13 22:00:00', '2020-08-02 22:00:00', 'Demande réflexion', ''),
('ABC-008', 8, '2020-03-29 22:00:00', '2020-04-04 22:00:00', 'Intéressé', ''),
('ABC-008', 9, '2020-01-31 23:00:00', '2020-02-22 23:00:00', NULL, ''),
('ABC-008', 10, '2020-01-28 23:00:00', '2020-02-06 23:00:00', 'Pas intéressé', ''),
('ABC-008', 10, '2020-02-09 23:00:00', '2020-02-23 23:00:00', 'Intéressé', ''),
('ABC-008', 10, '2020-07-12 22:00:00', '2020-08-06 22:00:00', NULL, ''),
('ABC-008', 11, '2020-07-24 22:00:00', '2020-08-13 22:00:00', 'Intéressé', ''),
('ABC-008', 11, '2020-09-11 22:00:00', '2020-09-17 22:00:00', 'Pas intéressé', ''),
('ABC-008', 13, '2020-03-17 23:00:00', '2020-03-30 22:00:00', 'Pas intéressé', ''),
('ABC-008', 14, '2020-10-21 22:00:00', '2020-11-10 23:00:00', NULL, ''),
('ABC-008', 15, '2020-10-07 22:00:00', '2020-10-18 22:00:00', NULL, ''),
('ABC-008', 16, '2020-01-15 23:00:00', '2020-01-26 23:00:00', 'Pas intéressé', ''),
('ABC-008', 16, '2020-06-10 22:00:00', '2020-07-07 22:00:00', NULL, ''),
('ABC-008', 16, '2020-10-28 23:00:00', '2020-11-25 23:00:00', 'Pas intéressé', ''),
('ABC-008', 17, '2020-04-20 22:00:00', '2020-05-08 22:00:00', 'Intéressé', ''),
('ABC-008', 18, '2020-05-30 22:00:00', '2020-06-10 22:00:00', 'Intéressé', ''),
('ABC-008', 18, '2020-12-27 23:00:00', '2021-01-23 23:00:00', 'Pas intéressé', ''),
('ABC-008', 20, '2020-01-05 23:00:00', '2020-01-22 23:00:00', 'Pas intéressé', ''),
('ABC-008', 21, '2020-01-12 23:00:00', '2020-02-04 23:00:00', NULL, ''),
('ABC-008', 23, '2020-04-27 22:00:00', '2020-05-24 22:00:00', 'Demande réflexion', ''),
('ABC-008', 24, '2020-02-21 23:00:00', '2020-03-08 23:00:00', 'Intéressé', ''),
('ABC-008', 24, '2020-11-18 23:00:00', '2020-12-18 23:00:00', 'Pas intéressé', ''),
('ABC-008', 25, '2020-12-16 23:00:00', '2020-12-26 23:00:00', 'Demande réflexion', ''),
('ABC-008', 26, '2020-09-19 22:00:00', '2020-10-05 22:00:00', NULL, ''),
('ABC-008', 26, '2020-09-28 22:00:00', '2020-10-11 22:00:00', 'Demande réflexion', ''),
('ABC-008', 29, '2020-05-18 22:00:00', '2020-05-31 22:00:00', NULL, ''),
('ABC-008', 30, '2020-08-10 22:00:00', '2020-08-20 22:00:00', 'Intéressé', ''),
('ABC-008', 32, '2020-09-05 22:00:00', '2020-09-22 22:00:00', 'Pas intéressé', ''),
('ABC-009', 4, '2020-04-01 22:00:00', '2020-04-20 22:00:00', NULL, ''),
('ABC-009', 6, '2020-05-10 22:00:00', '2020-06-06 22:00:00', 'Demande réflexion', ''),
('ABC-009', 7, '2020-08-23 22:00:00', '2020-09-02 22:00:00', 'Pas intéressé', ''),
('ABC-009', 9, '2020-09-29 22:00:00', '2020-10-12 22:00:00', 'Intéressé', ''),
('ABC-009', 9, '2020-12-01 23:00:00', '2020-12-26 23:00:00', 'Pas intéressé', ''),
('ABC-009', 10, '2020-10-22 22:00:00', '2020-10-25 22:00:00', 'Demande réflexion', ''),
('ABC-009', 11, '2020-06-24 22:00:00', '2020-07-07 22:00:00', 'Pas intéressé', ''),
('ABC-009', 14, '2020-03-08 23:00:00', '2020-03-11 23:00:00', 'Pas intéressé', ''),
('ABC-009', 14, '2020-09-27 22:00:00', '2020-10-14 22:00:00', 'Intéressé', ''),
('ABC-009', 15, '2020-12-27 23:00:00', '2021-01-04 23:00:00', 'Pas intéressé', ''),
('ABC-009', 16, '2020-03-27 22:00:00', '2020-04-06 22:00:00', 'Pas intéressé', ''),
('ABC-009', 18, '2020-11-24 23:00:00', '2020-12-05 23:00:00', 'Demande réflexion', ''),
('ABC-009', 19, '2020-06-22 22:00:00', '2020-07-04 22:00:00', 'Pas intéressé', ''),
('ABC-009', 19, '2020-08-04 22:00:00', '2020-08-24 22:00:00', 'Intéressé', ''),
('ABC-009', 20, '2020-02-01 23:00:00', '2020-03-02 23:00:00', NULL, ''),
('ABC-009', 20, '2020-03-06 23:00:00', '2020-03-15 23:00:00', NULL, ''),
('ABC-009', 20, '2020-07-26 22:00:00', '2020-08-11 22:00:00', 'Intéressé', ''),
('ABC-009', 21, '2020-05-05 22:00:00', '2020-06-04 22:00:00', 'Pas intéressé', ''),
('ABC-009', 23, '2020-10-30 23:00:00', '2020-11-17 23:00:00', NULL, ''),
('ABC-009', 23, '2020-11-28 23:00:00', '2020-12-17 23:00:00', NULL, ''),
('ABC-009', 24, '2020-04-17 22:00:00', '2020-04-18 22:00:00', NULL, ''),
('ABC-009', 25, '2020-03-21 23:00:00', '2020-04-04 22:00:00', 'Demande réflexion', ''),
('ABC-009', 25, '2020-05-22 22:00:00', '2020-06-08 22:00:00', 'Demande réflexion', ''),
('ABC-009', 26, '2020-05-08 22:00:00', '2020-05-11 22:00:00', 'Intéressé', ''),
('ABC-009', 27, '2020-10-31 23:00:00', '2020-11-27 23:00:00', 'Demande réflexion', ''),
('ABC-009', 28, '2020-05-23 22:00:00', '2020-06-15 22:00:00', 'Pas intéressé', ''),
('ABC-009', 28, '2020-05-26 22:00:00', '2020-06-15 22:00:00', 'Intéressé', ''),
('ABC-009', 30, '2020-02-08 23:00:00', '2020-02-16 23:00:00', NULL, ''),
('ABC-009', 33, '2020-04-18 22:00:00', '2020-04-20 22:00:00', NULL, ''),
('ABC-009', 33, '2020-05-10 22:00:00', '2020-05-31 22:00:00', 'Intéressé', ''),
('ABC-010', 1, '2020-06-18 22:00:00', '2020-07-09 22:00:00', 'Pas intéressé', ''),
('ABC-010', 1, '2020-12-10 23:00:00', '2020-12-13 23:00:00', 'Demande réflexion', ''),
('ABC-010', 3, '2020-03-19 23:00:00', '2020-04-03 22:00:00', NULL, ''),
('ABC-010', 3, '2020-07-24 22:00:00', '2020-08-10 22:00:00', 'Intéressé', ''),
('ABC-010', 3, '2020-10-29 23:00:00', '2020-11-25 23:00:00', 'Intéressé', ''),
('ABC-010', 4, '2020-07-07 22:00:00', '2020-07-29 22:00:00', 'Pas intéressé', ''),
('ABC-010', 4, '2020-09-16 22:00:00', '2020-09-27 22:00:00', 'Intéressé', ''),
('ABC-010', 5, '2020-05-27 22:00:00', '2020-06-23 22:00:00', 'Pas intéressé', ''),
('ABC-010', 5, '2020-11-01 23:00:00', '2020-11-04 23:00:00', 'Pas intéressé', ''),
('ABC-010', 7, '2020-05-03 22:00:00', '2020-05-09 22:00:00', 'Pas intéressé', ''),
('ABC-010', 8, '2020-02-21 23:00:00', '2020-03-03 23:00:00', 'Pas intéressé', ''),
('ABC-010', 10, '2020-01-10 23:00:00', '2020-01-31 23:00:00', NULL, ''),
('ABC-010', 10, '2020-10-24 22:00:00', '2020-11-22 23:00:00', 'Pas intéressé', ''),
('ABC-010', 10, '2020-11-26 23:00:00', '2020-12-14 23:00:00', 'Pas intéressé', ''),
('ABC-010', 10, '2020-11-28 23:00:00', '2020-12-28 23:00:00', 'Intéressé', ''),
('ABC-010', 11, '2020-03-01 23:00:00', '2020-03-31 22:00:00', 'Intéressé', ''),
('ABC-010', 13, '2020-03-25 22:00:00', '2020-03-27 23:00:00', NULL, ''),
('ABC-010', 13, '2020-06-17 22:00:00', '2020-06-28 22:00:00', 'Pas intéressé', ''),
('ABC-010', 15, '2020-01-21 23:00:00', '2020-02-18 23:00:00', 'Demande réflexion', ''),
('ABC-010', 16, '2020-01-01 23:00:00', '2020-01-23 23:00:00', NULL, ''),
('ABC-010', 16, '2020-08-25 22:00:00', '2020-09-20 22:00:00', 'Demande réflexion', ''),
('ABC-010', 17, '2020-09-30 22:00:00', '2020-10-05 22:00:00', 'Intéressé', ''),
('ABC-010', 18, '2020-06-04 22:00:00', '2020-06-07 22:00:00', 'Demande réflexion', ''),
('ABC-010', 18, '2020-12-28 23:00:00', '2020-12-31 23:00:00', 'Pas intéressé', ''),
('ABC-010', 19, '2020-03-17 23:00:00', '2020-04-09 22:00:00', 'Intéressé', ''),
('ABC-010', 20, '2020-07-17 22:00:00', '2020-07-27 22:00:00', 'Intéressé', ''),
('ABC-010', 22, '2020-09-01 22:00:00', '2020-09-19 22:00:00', 'Intéressé', ''),
('ABC-010', 22, '2020-09-29 22:00:00', '2020-10-11 22:00:00', 'Pas intéressé', ''),
('ABC-010', 22, '2020-12-13 23:00:00', '2021-01-09 23:00:00', 'Intéressé', ''),
('ABC-010', 25, '2020-01-10 23:00:00', '2020-01-19 23:00:00', 'Pas intéressé', ''),
('ABC-010', 26, '2020-09-14 22:00:00', '2020-09-28 22:00:00', 'Demande réflexion', ''),
('ABC-010', 28, '2020-04-09 22:00:00', '2020-05-04 22:00:00', 'Demande réflexion', ''),
('ABC-010', 28, '2020-08-07 22:00:00', '2020-09-02 22:00:00', 'Pas intéressé', ''),
('ABC-010', 30, '2020-03-15 23:00:00', '2020-03-20 23:00:00', NULL, ''),
('ABC-010', 30, '2020-04-15 22:00:00', '2020-04-18 22:00:00', 'Pas intéressé', ''),
('ABC-010', 32, '2020-06-11 22:00:00', '2020-06-27 22:00:00', 'Pas intéressé', ''),
('ABC-010', 32, '2020-09-24 22:00:00', '2020-10-18 22:00:00', NULL, ''),
('ABC-010', 33, '2020-02-10 23:00:00', '2020-03-12 23:00:00', NULL, ''),
('ABC-011', 1, '2020-09-22 22:00:00', '2020-09-23 22:00:00', 'Intéressé', ''),
('ABC-011', 1, '2020-12-16 23:00:00', '2020-12-25 23:00:00', 'Pas intéressé', ''),
('ABC-011', 2, '2020-04-18 22:00:00', '2020-04-27 22:00:00', 'Intéressé', ''),
('ABC-011', 3, '2020-03-24 23:00:00', '2020-04-23 22:00:00', 'Intéressé', ''),
('ABC-011', 3, '2020-04-13 22:00:00', '2020-05-08 22:00:00', 'Pas intéressé', ''),
('ABC-011', 3, '2020-09-08 22:00:00', '2020-09-10 22:00:00', NULL, ''),
('ABC-011', 4, '2020-10-04 22:00:00', '2020-10-29 23:00:00', 'Demande réflexion', ''),
('ABC-011', 8, '2020-10-06 22:00:00', '2020-11-05 23:00:00', NULL, ''),
('ABC-011', 10, '2020-12-19 23:00:00', '2021-01-09 23:00:00', NULL, ''),
('ABC-011', 12, '2020-08-15 22:00:00', '2020-08-29 22:00:00', 'Demande réflexion', ''),
('ABC-011', 13, '2020-05-15 22:00:00', '2020-06-07 22:00:00', 'Demande réflexion', ''),
('ABC-011', 14, '2020-01-15 23:00:00', '2020-02-07 23:00:00', 'Demande réflexion', ''),
('ABC-011', 14, '2020-07-19 22:00:00', '2020-07-22 22:00:00', 'Intéressé', ''),
('ABC-011', 14, '2020-11-05 23:00:00', '2020-11-06 23:00:00', 'Pas intéressé', ''),
('ABC-011', 15, '2020-12-27 23:00:00', '2020-12-29 23:00:00', 'Pas intéressé', ''),
('ABC-011', 16, '2020-01-05 23:00:00', '2020-01-12 23:00:00', 'Pas intéressé', ''),
('ABC-011', 16, '2020-01-29 23:00:00', '2020-02-17 23:00:00', 'Demande réflexion', ''),
('ABC-011', 16, '2020-11-26 23:00:00', '2020-12-19 23:00:00', NULL, ''),
('ABC-011', 18, '2020-07-28 22:00:00', '2020-08-04 22:00:00', NULL, ''),
('ABC-011', 21, '2020-06-03 22:00:00', '2020-06-12 22:00:00', 'Intéressé', ''),
('ABC-011', 21, '2020-07-25 22:00:00', '2020-07-28 22:00:00', 'Intéressé', ''),
('ABC-011', 22, '2020-01-26 23:00:00', '2020-02-13 23:00:00', 'Pas intéressé', ''),
('ABC-011', 22, '2020-02-24 23:00:00', '2020-03-12 23:00:00', 'Intéressé', ''),
('ABC-011', 23, '2020-01-16 23:00:00', '2020-02-08 23:00:00', 'Pas intéressé', ''),
('ABC-011', 23, '2020-05-16 22:00:00', '2020-06-07 22:00:00', 'Demande réflexion', ''),
('ABC-011', 24, '2020-08-27 22:00:00', '2020-09-07 22:00:00', 'Intéressé', ''),
('ABC-011', 24, '2020-09-22 22:00:00', '2020-10-06 22:00:00', 'Intéressé', ''),
('ABC-011', 24, '2020-10-17 22:00:00', '2020-10-28 23:00:00', NULL, ''),
('ABC-011', 26, '2020-09-24 22:00:00', '2020-10-23 22:00:00', NULL, ''),
('ABC-011', 33, '2020-05-22 22:00:00', '2020-06-06 22:00:00', 'Demande réflexion', ''),
('ABC-011', 33, '2020-12-09 23:00:00', '2021-01-08 23:00:00', NULL, ''),
('ABC-012', 1, '2020-04-25 22:00:00', '2020-05-04 22:00:00', NULL, ''),
('ABC-012', 2, '2020-05-23 22:00:00', '2020-05-25 22:00:00', NULL, ''),
('ABC-012', 2, '2020-11-27 23:00:00', '2020-12-09 23:00:00', 'Demande réflexion', ''),
('ABC-012', 3, '2020-06-22 22:00:00', '2020-07-19 22:00:00', 'Pas intéressé', ''),
('ABC-012', 4, '2020-02-06 23:00:00', '2020-02-25 23:00:00', 'Intéressé', ''),
('ABC-012', 4, '2020-09-18 22:00:00', '2020-10-10 22:00:00', 'Intéressé', ''),
('ABC-012', 5, '2020-07-09 22:00:00', '2020-07-18 22:00:00', 'Pas intéressé', ''),
('ABC-012', 6, '2020-05-25 22:00:00', '2020-06-21 22:00:00', 'Pas intéressé', ''),
('ABC-012', 6, '2020-07-19 22:00:00', '2020-08-06 22:00:00', NULL, ''),
('ABC-012', 6, '2020-11-24 23:00:00', '2020-11-30 23:00:00', 'Pas intéressé', ''),
('ABC-012', 8, '2020-03-08 23:00:00', '2020-03-25 23:00:00', 'Demande réflexion', ''),
('ABC-012', 8, '2020-07-25 22:00:00', '2020-08-08 22:00:00', 'Demande réflexion', ''),
('ABC-012', 10, '2020-08-06 22:00:00', '2020-08-13 22:00:00', NULL, ''),
('ABC-012', 10, '2020-09-24 22:00:00', '2020-09-30 22:00:00', 'Demande réflexion', ''),
('ABC-012', 11, '2020-02-17 23:00:00', '2020-03-09 23:00:00', 'Pas intéressé', ''),
('ABC-012', 11, '2020-03-27 22:00:00', '2020-04-19 22:00:00', NULL, ''),
('ABC-012', 14, '2020-05-11 22:00:00', '2020-05-17 22:00:00', 'Demande réflexion', ''),
('ABC-012', 14, '2020-11-02 23:00:00', '2020-11-19 23:00:00', 'Pas intéressé', ''),
('ABC-012', 15, '2020-09-03 22:00:00', '2020-09-15 22:00:00', 'Intéressé', ''),
('ABC-012', 16, '2020-04-20 22:00:00', '2020-05-18 22:00:00', 'Pas intéressé', ''),
('ABC-012', 16, '2020-05-30 22:00:00', '2020-06-04 22:00:00', 'Intéressé', ''),
('ABC-012', 17, '2020-03-31 22:00:00', '2020-04-27 22:00:00', NULL, ''),
('ABC-012', 17, '2020-04-30 22:00:00', '2020-05-02 22:00:00', 'Intéressé', ''),
('ABC-012', 17, '2020-12-12 23:00:00', '2020-12-23 23:00:00', 'Intéressé', ''),
('ABC-012', 18, '2020-02-28 23:00:00', '2020-03-17 23:00:00', 'Demande réflexion', ''),
('ABC-012', 19, '2020-07-18 22:00:00', '2020-08-15 22:00:00', NULL, ''),
('ABC-012', 19, '2020-07-21 22:00:00', '2020-08-10 22:00:00', NULL, ''),
('ABC-012', 19, '2020-10-27 22:00:00', '2020-11-19 23:00:00', NULL, ''),
('ABC-012', 20, '2020-09-20 22:00:00', '2020-09-26 22:00:00', NULL, ''),
('ABC-012', 22, '2020-11-19 23:00:00', '2020-12-15 23:00:00', 'Pas intéressé', ''),
('ABC-012', 23, '2020-10-13 22:00:00', '2020-10-31 23:00:00', 'Intéressé', ''),
('ABC-012', 23, '2020-11-07 23:00:00', '2020-11-17 23:00:00', 'Demande réflexion', ''),
('ABC-012', 24, '2020-03-27 22:00:00', '2020-04-21 22:00:00', 'Pas intéressé', ''),
('ABC-012', 24, '2020-09-28 22:00:00', '2020-10-19 22:00:00', NULL, ''),
('ABC-012', 24, '2020-11-18 23:00:00', '2020-12-09 23:00:00', NULL, ''),
('ABC-012', 25, '2020-12-15 23:00:00', '2021-01-05 23:00:00', NULL, ''),
('ABC-012', 27, '2020-02-03 23:00:00', '2020-02-21 23:00:00', 'Pas intéressé', ''),
('ABC-012', 27, '2020-06-06 22:00:00', '2020-06-09 22:00:00', 'Demande réflexion', ''),
('ABC-012', 28, '2020-08-28 22:00:00', '2020-09-15 22:00:00', NULL, ''),
('ABC-012', 29, '2020-08-31 22:00:00', '2020-09-01 22:00:00', NULL, ''),
('ABC-012', 29, '2020-12-03 23:00:00', '2020-12-17 23:00:00', 'Demande réflexion', ''),
('ABC-012', 32, '2020-03-19 23:00:00', '2020-03-26 23:00:00', 'Pas intéressé', ''),
('ABC-012', 32, '2020-06-14 22:00:00', '2020-06-16 22:00:00', 'Intéressé', ''),
('ABC-012', 32, '2020-10-12 22:00:00', '2020-11-11 23:00:00', 'Pas intéressé', ''),
('ABC-012', 33, '2020-02-19 23:00:00', '2020-03-11 23:00:00', 'Intéressé', ''),
('ABC-012', 33, '2020-07-25 22:00:00', '2020-08-21 22:00:00', 'Demande réflexion', ''),
('ABC-013', 1, '2020-01-23 23:00:00', '2020-02-04 23:00:00', 'Pas intéressé', ''),
('ABC-013', 2, '2020-12-29 23:00:00', '2021-01-05 23:00:00', 'Intéressé', ''),
('ABC-013', 3, '2020-11-12 23:00:00', '2020-12-07 23:00:00', 'Demande réflexion', ''),
('ABC-013', 4, '2020-10-26 22:00:00', '2020-11-20 23:00:00', 'Pas intéressé', ''),
('ABC-013', 5, '2020-02-13 23:00:00', '2020-03-01 23:00:00', 'Demande réflexion', ''),
('ABC-013', 5, '2020-09-20 22:00:00', '2020-09-22 22:00:00', 'Demande réflexion', ''),
('ABC-013', 6, '2020-02-11 23:00:00', '2020-02-23 23:00:00', NULL, ''),
('ABC-013', 6, '2020-04-30 22:00:00', '2020-05-16 22:00:00', NULL, ''),
('ABC-013', 6, '2020-08-13 22:00:00', '2020-08-19 22:00:00', NULL, ''),
('ABC-013', 6, '2020-08-24 22:00:00', '2020-08-26 22:00:00', 'Intéressé', ''),
('ABC-013', 6, '2020-09-28 22:00:00', '2020-10-27 23:00:00', NULL, ''),
('ABC-013', 7, '2020-02-26 23:00:00', '2020-03-24 23:00:00', NULL, ''),
('ABC-013', 7, '2020-05-04 22:00:00', '2020-06-01 22:00:00', NULL, ''),
('ABC-013', 7, '2020-06-15 22:00:00', '2020-07-01 22:00:00', 'Demande réflexion', ''),
('ABC-013', 9, '2020-05-30 22:00:00', '2020-06-12 22:00:00', 'Intéressé', ''),
('ABC-013', 10, '2020-09-03 22:00:00', '2020-09-04 22:00:00', 'Pas intéressé', ''),
('ABC-013', 11, '2020-01-05 23:00:00', '2020-01-08 23:00:00', 'Intéressé', ''),
('ABC-013', 12, '2020-01-07 23:00:00', '2020-01-27 23:00:00', NULL, ''),
('ABC-013', 12, '2020-07-10 22:00:00', '2020-07-27 22:00:00', 'Pas intéressé', ''),
('ABC-013', 12, '2020-07-18 22:00:00', '2020-07-25 22:00:00', NULL, ''),
('ABC-013', 13, '2020-02-11 23:00:00', '2020-03-06 23:00:00', 'Demande réflexion', ''),
('ABC-013', 13, '2020-02-13 23:00:00', '2020-03-15 23:00:00', 'Demande réflexion', ''),
('ABC-013', 14, '2020-03-09 23:00:00', '2020-03-15 23:00:00', 'Demande réflexion', ''),
('ABC-013', 14, '2020-11-07 23:00:00', '2020-12-07 23:00:00', 'Intéressé', ''),
('ABC-013', 15, '2020-06-18 22:00:00', '2020-07-13 22:00:00', 'Intéressé', ''),
('ABC-013', 15, '2020-10-29 23:00:00', '2020-11-20 23:00:00', 'Demande réflexion', ''),
('ABC-013', 16, '2020-07-02 22:00:00', '2020-07-17 22:00:00', 'Intéressé', ''),
('ABC-013', 17, '2020-02-09 23:00:00', '2020-03-01 23:00:00', 'Demande réflexion', ''),
('ABC-013', 17, '2020-07-21 22:00:00', '2020-08-20 22:00:00', 'Pas intéressé', ''),
('ABC-013', 17, '2020-10-13 22:00:00', '2020-10-21 22:00:00', NULL, ''),
('ABC-013', 19, '2020-04-02 22:00:00', '2020-04-22 22:00:00', 'Demande réflexion', ''),
('ABC-013', 20, '2020-01-15 23:00:00', '2020-01-22 23:00:00', 'Intéressé', ''),
('ABC-013', 21, '2020-05-20 22:00:00', '2020-05-21 22:00:00', 'Demande réflexion', ''),
('ABC-013', 22, '2020-01-06 23:00:00', '2020-01-15 23:00:00', 'Demande réflexion', ''),
('ABC-013', 22, '2020-04-02 22:00:00', '2020-04-15 22:00:00', 'Demande réflexion', ''),
('ABC-013', 22, '2020-09-20 22:00:00', '2020-10-08 22:00:00', 'Demande réflexion', ''),
('ABC-013', 24, '2020-06-21 22:00:00', '2020-06-25 22:00:00', 'Demande réflexion', ''),
('ABC-013', 24, '2020-12-11 23:00:00', '2020-12-16 23:00:00', 'Intéressé', ''),
('ABC-013', 24, '2020-12-12 23:00:00', '2021-01-09 23:00:00', 'Intéressé', ''),
('ABC-013', 26, '2020-04-23 22:00:00', '2020-05-11 22:00:00', NULL, ''),
('ABC-013', 27, '2020-06-22 22:00:00', '2020-06-30 22:00:00', 'Pas intéressé', ''),
('ABC-013', 27, '2020-08-07 22:00:00', '2020-08-24 22:00:00', 'Intéressé', ''),
('ABC-013', 29, '2020-04-13 22:00:00', '2020-04-28 22:00:00', 'Intéressé', ''),
('ABC-013', 32, '2020-05-09 22:00:00', '2020-06-05 22:00:00', NULL, ''),
('ABC-014', 1, '2020-12-10 23:00:00', '2020-12-27 23:00:00', 'Intéressé', ''),
('ABC-014', 3, '2020-05-17 22:00:00', '2020-06-03 22:00:00', NULL, ''),
('ABC-014', 3, '2020-08-05 22:00:00', '2020-08-28 22:00:00', 'Intéressé', ''),
('ABC-014', 4, '2020-03-01 23:00:00', '2020-03-22 23:00:00', 'Demande réflexion', ''),
('ABC-014', 4, '2020-03-31 22:00:00', '2020-04-28 22:00:00', NULL, ''),
('ABC-014', 5, '2020-11-24 23:00:00', '2020-11-30 23:00:00', NULL, ''),
('ABC-014', 6, '2020-01-02 23:00:00', '2020-01-05 23:00:00', NULL, ''),
('ABC-014', 6, '2020-10-22 22:00:00', '2020-10-23 22:00:00', NULL, ''),
('ABC-014', 6, '2020-11-29 23:00:00', '2020-12-07 23:00:00', 'Pas intéressé', ''),
('ABC-014', 10, '2020-03-14 23:00:00', '2020-03-22 23:00:00', 'Demande réflexion', ''),
('ABC-014', 11, '2020-02-09 23:00:00', '2020-02-19 23:00:00', 'Pas intéressé', ''),
('ABC-014', 13, '2020-02-22 23:00:00', '2020-03-09 23:00:00', NULL, ''),
('ABC-014', 13, '2020-03-14 23:00:00', '2020-03-27 23:00:00', NULL, ''),
('ABC-014', 13, '2020-12-18 23:00:00', '2021-01-13 23:00:00', 'Pas intéressé', ''),
('ABC-014', 15, '2020-03-13 23:00:00', '2020-03-29 23:00:00', 'Pas intéressé', ''),
('ABC-014', 16, '2020-08-01 22:00:00', '2020-08-27 22:00:00', 'Demande réflexion', ''),
('ABC-014', 20, '2020-06-21 22:00:00', '2020-06-22 22:00:00', 'Pas intéressé', ''),
('ABC-014', 22, '2020-02-21 23:00:00', '2020-03-01 23:00:00', 'Pas intéressé', ''),
('ABC-014', 23, '2020-08-17 22:00:00', '2020-08-28 22:00:00', 'Demande réflexion', ''),
('ABC-014', 27, '2020-12-20 23:00:00', '2021-01-02 23:00:00', NULL, ''),
('ABC-014', 29, '2020-07-16 22:00:00', '2020-08-11 22:00:00', 'Demande réflexion', ''),
('ABC-014', 29, '2020-08-12 22:00:00', '2020-08-20 22:00:00', 'Pas intéressé', ''),
('ABC-014', 30, '2020-02-09 23:00:00', '2020-02-27 23:00:00', 'Demande réflexion', ''),
('ABC-014', 30, '2020-02-15 23:00:00', '2020-03-07 23:00:00', 'Intéressé', ''),
('ABC-014', 30, '2020-12-08 23:00:00', '2020-12-31 23:00:00', NULL, ''),
('ABC-014', 32, '2020-04-30 22:00:00', '2020-05-07 22:00:00', 'Pas intéressé', ''),
('ABC-014', 33, '2020-03-15 23:00:00', '2020-03-20 23:00:00', 'Pas intéressé', ''),
('ABC-015', 3, '2020-01-25 23:00:00', '2020-02-11 23:00:00', 'Intéressé', ''),
('ABC-015', 3, '2020-03-14 23:00:00', '2020-04-04 22:00:00', 'Pas intéressé', ''),
('ABC-015', 4, '2020-12-20 23:00:00', '2021-01-02 23:00:00', 'Intéressé', ''),
('ABC-015', 6, '2020-05-16 22:00:00', '2020-06-05 22:00:00', 'Demande réflexion', ''),
('ABC-015', 7, '2020-04-08 22:00:00', '2020-05-01 22:00:00', NULL, ''),
('ABC-015', 7, '2020-11-15 23:00:00', '2020-12-02 23:00:00', NULL, ''),
('ABC-015', 8, '2020-01-30 23:00:00', '2020-02-18 23:00:00', NULL, ''),
('ABC-015', 8, '2020-07-13 22:00:00', '2020-07-24 22:00:00', 'Demande réflexion', ''),
('ABC-015', 8, '2020-11-11 23:00:00', '2020-11-30 23:00:00', 'Demande réflexion', ''),
('ABC-015', 9, '2020-10-22 22:00:00', '2020-11-01 23:00:00', 'Pas intéressé', ''),
('ABC-015', 10, '2020-04-05 22:00:00', '2020-04-10 22:00:00', 'Intéressé', ''),
('ABC-015', 10, '2020-10-19 22:00:00', '2020-11-10 23:00:00', 'Pas intéressé', ''),
('ABC-015', 13, '2020-06-16 22:00:00', '2020-06-21 22:00:00', NULL, ''),
('ABC-015', 13, '2020-10-14 22:00:00', '2020-11-11 23:00:00', 'Demande réflexion', ''),
('ABC-015', 13, '2020-10-16 22:00:00', '2020-10-22 22:00:00', 'Intéressé', ''),
('ABC-015', 14, '2020-08-08 22:00:00', '2020-09-07 22:00:00', 'Demande réflexion', ''),
('ABC-015', 18, '2020-04-25 22:00:00', '2020-05-07 22:00:00', 'Intéressé', ''),
('ABC-015', 18, '2020-09-21 22:00:00', '2020-09-25 22:00:00', 'Pas intéressé', ''),
('ABC-015', 20, '2020-01-01 23:00:00', '2020-01-19 23:00:00', 'Intéressé', ''),
('ABC-015', 20, '2020-01-12 23:00:00', '2020-01-13 23:00:00', 'Demande réflexion', ''),
('ABC-015', 20, '2020-08-04 22:00:00', '2020-08-09 22:00:00', 'Intéressé', ''),
('ABC-015', 23, '2020-07-25 22:00:00', '2020-08-01 22:00:00', 'Pas intéressé', ''),
('ABC-015', 23, '2020-11-02 23:00:00', '2020-11-28 23:00:00', 'Pas intéressé', ''),
('ABC-015', 24, '2020-11-07 23:00:00', '2020-11-25 23:00:00', NULL, ''),
('ABC-015', 25, '2020-01-15 23:00:00', '2020-01-17 23:00:00', 'Pas intéressé', ''),
('ABC-015', 25, '2020-02-21 23:00:00', '2020-03-12 23:00:00', 'Pas intéressé', ''),
('ABC-015', 27, '2020-04-16 22:00:00', '2020-05-07 22:00:00', 'Demande réflexion', ''),
('ABC-015', 27, '2020-12-01 23:00:00', '2020-12-21 23:00:00', NULL, ''),
('ABC-015', 28, '2020-01-25 23:00:00', '2020-02-07 23:00:00', NULL, ''),
('ABC-015', 29, '2020-06-25 22:00:00', '2020-07-16 22:00:00', 'Intéressé', ''),
('ABC-015', 29, '2020-07-01 22:00:00', '2020-07-23 22:00:00', 'Intéressé', ''),
('ABC-015', 30, '2020-07-21 22:00:00', '2020-08-01 22:00:00', 'Demande réflexion', ''),
('ABC-015', 32, '2020-05-30 22:00:00', '2020-06-05 22:00:00', 'Demande réflexion', ''),
('ABC-015', 33, '2020-08-06 22:00:00', '2020-08-30 22:00:00', 'Demande réflexion', ''),
('ABC-016', 1, '2020-08-01 22:00:00', '2020-08-20 22:00:00', NULL, ''),
('ABC-016', 2, '2020-12-17 23:00:00', '2021-01-16 23:00:00', 'Pas intéressé', ''),
('ABC-016', 3, '2020-11-06 23:00:00', '2020-11-13 23:00:00', 'Intéressé', ''),
('ABC-016', 4, '2020-04-09 22:00:00', '2020-04-15 22:00:00', 'Pas intéressé', ''),
('ABC-016', 4, '2020-12-08 23:00:00', '2021-01-04 23:00:00', NULL, ''),
('ABC-016', 5, '2020-12-26 23:00:00', '2021-01-10 23:00:00', 'Pas intéressé', ''),
('ABC-016', 10, '2020-03-04 23:00:00', '2020-03-07 23:00:00', 'Demande réflexion', ''),
('ABC-016', 11, '2020-06-17 22:00:00', '2020-07-01 22:00:00', 'Demande réflexion', ''),
('ABC-016', 11, '2020-09-26 22:00:00', '2020-10-23 22:00:00', 'Intéressé', ''),
('ABC-016', 11, '2020-11-13 23:00:00', '2020-11-15 23:00:00', NULL, ''),
('ABC-016', 11, '2020-12-09 23:00:00', '2021-01-05 23:00:00', NULL, ''),
('ABC-016', 12, '2020-01-09 23:00:00', '2020-02-03 23:00:00', NULL, ''),
('ABC-016', 13, '2020-02-02 23:00:00', '2020-03-02 23:00:00', 'Intéressé', ''),
('ABC-016', 14, '2020-08-09 22:00:00', '2020-08-27 22:00:00', 'Demande réflexion', ''),
('ABC-016', 19, '2020-08-31 22:00:00', '2020-09-05 22:00:00', NULL, ''),
('ABC-016', 20, '2020-03-10 23:00:00', '2020-04-06 22:00:00', NULL, ''),
('ABC-016', 20, '2020-06-05 22:00:00', '2020-06-10 22:00:00', 'Pas intéressé', ''),
('ABC-016', 21, '2020-07-15 22:00:00', '2020-08-01 22:00:00', 'Intéressé', ''),
('ABC-016', 23, '2020-02-22 23:00:00', '2020-03-14 23:00:00', 'Demande réflexion', ''),
('ABC-016', 24, '2020-12-02 23:00:00', '2020-12-06 23:00:00', 'Pas intéressé', ''),
('ABC-016', 28, '2020-10-12 22:00:00', '2020-10-31 23:00:00', 'Demande réflexion', ''),
('ABC-016', 28, '2020-12-27 23:00:00', '2020-12-28 23:00:00', 'Intéressé', ''),
('ABC-016', 29, '2020-01-19 23:00:00', '2020-01-21 23:00:00', 'Pas intéressé', ''),
('ABC-016', 30, '2020-01-12 23:00:00', '2020-01-29 23:00:00', NULL, ''),
('ABC-016', 30, '2020-07-29 22:00:00', '2020-08-12 22:00:00', 'Intéressé', ''),
('ABC-016', 30, '2020-09-23 22:00:00', '2020-10-18 22:00:00', 'Pas intéressé', ''),
('ABC-016', 30, '2020-11-27 23:00:00', '2020-11-29 23:00:00', NULL, ''),
('ABC-016', 32, '2020-02-18 23:00:00', '2020-02-23 23:00:00', 'Pas intéressé', ''),
('ABC-017', 1, '2020-08-02 22:00:00', '2020-08-04 22:00:00', 'Intéressé', ''),
('ABC-017', 2, '2020-01-19 23:00:00', '2020-02-17 23:00:00', 'Intéressé', ''),
('ABC-017', 2, '2020-08-01 22:00:00', '2020-08-21 22:00:00', 'Demande réflexion', ''),
('ABC-017', 2, '2020-12-08 23:00:00', '2020-12-10 23:00:00', NULL, ''),
('ABC-017', 3, '2020-06-28 22:00:00', '2020-07-25 22:00:00', 'Intéressé', ''),
('ABC-017', 3, '2020-11-01 23:00:00', '2020-11-29 23:00:00', NULL, ''),
('ABC-017', 4, '2020-05-02 22:00:00', '2020-05-11 22:00:00', 'Pas intéressé', ''),
('ABC-017', 4, '2020-12-24 23:00:00', '2021-01-07 23:00:00', 'Demande réflexion', ''),
('ABC-017', 4, '2020-12-29 23:00:00', '2021-01-12 23:00:00', 'Demande réflexion', ''),
('ABC-017', 5, '2020-02-27 23:00:00', '2020-03-22 23:00:00', 'Demande réflexion', ''),
('ABC-017', 5, '2020-05-10 22:00:00', '2020-06-04 22:00:00', NULL, ''),
('ABC-017', 5, '2020-07-02 22:00:00', '2020-07-06 22:00:00', NULL, ''),
('ABC-017', 5, '2020-11-15 23:00:00', '2020-11-28 23:00:00', 'Intéressé', ''),
('ABC-017', 6, '2020-05-10 22:00:00', '2020-05-31 22:00:00', NULL, ''),
('ABC-017', 6, '2020-05-22 22:00:00', '2020-05-30 22:00:00', 'Demande réflexion', ''),
('ABC-017', 6, '2020-09-18 22:00:00', '2020-10-08 22:00:00', NULL, ''),
('ABC-017', 7, '2020-03-28 22:00:00', '2020-03-29 23:00:00', 'Pas intéressé', ''),
('ABC-017', 7, '2020-04-03 22:00:00', '2020-04-26 22:00:00', 'Pas intéressé', ''),
('ABC-017', 8, '2020-03-30 22:00:00', '2020-04-28 22:00:00', 'Pas intéressé', ''),
('ABC-017', 8, '2020-07-03 22:00:00', '2020-07-13 22:00:00', 'Pas intéressé', ''),
('ABC-017', 11, '2020-06-23 22:00:00', '2020-07-13 22:00:00', 'Pas intéressé', ''),
('ABC-017', 12, '2020-07-14 22:00:00', '2020-07-24 22:00:00', 'Intéressé', ''),
('ABC-017', 13, '2020-05-16 22:00:00', '2020-05-21 22:00:00', 'Pas intéressé', ''),
('ABC-017', 16, '2020-01-20 23:00:00', '2020-01-26 23:00:00', 'Intéressé', ''),
('ABC-017', 16, '2020-03-28 22:00:00', '2020-04-11 22:00:00', NULL, ''),
('ABC-017', 16, '2020-05-20 22:00:00', '2020-05-24 22:00:00', 'Intéressé', ''),
('ABC-017', 16, '2020-07-07 22:00:00', '2020-07-27 22:00:00', NULL, ''),
('ABC-017', 17, '2020-12-24 23:00:00', '2021-01-22 23:00:00', 'Pas intéressé', ''),
('ABC-017', 19, '2020-04-22 22:00:00', '2020-05-02 22:00:00', 'Demande réflexion', ''),
('ABC-017', 20, '2020-09-13 22:00:00', '2020-09-22 22:00:00', 'Intéressé', ''),
('ABC-017', 21, '2020-01-30 23:00:00', '2020-02-27 23:00:00', 'Intéressé', ''),
('ABC-017', 22, '2020-04-10 22:00:00', '2020-05-09 22:00:00', 'Intéressé', ''),
('ABC-017', 23, '2020-06-29 22:00:00', '2020-07-29 22:00:00', 'Intéressé', ''),
('ABC-017', 23, '2020-10-09 22:00:00', '2020-11-02 23:00:00', 'Demande réflexion', ''),
('ABC-017', 24, '2020-03-22 23:00:00', '2020-04-03 22:00:00', NULL, ''),
('ABC-017', 25, '2020-04-20 22:00:00', '2020-05-20 22:00:00', 'Intéressé', ''),
('ABC-017', 27, '2020-09-05 22:00:00', '2020-10-03 22:00:00', NULL, ''),
('ABC-017', 28, '2020-05-10 22:00:00', '2020-05-18 22:00:00', 'Demande réflexion', ''),
('ABC-017', 29, '2020-11-10 23:00:00', '2020-11-12 23:00:00', NULL, ''),
('ABC-017', 32, '2020-12-26 23:00:00', '2021-01-20 23:00:00', 'Intéressé', ''),
('ABC-017', 33, '2020-01-18 23:00:00', '2020-02-04 23:00:00', 'Pas intéressé', ''),
('ABC-017', 33, '2020-11-23 23:00:00', '2020-12-15 23:00:00', NULL, ''),
('ABC-018', 2, '2020-10-10 22:00:00', '2020-10-29 23:00:00', 'Intéressé', ''),
('ABC-018', 3, '2020-02-26 23:00:00', '2020-03-19 23:00:00', 'Demande réflexion', ''),
('ABC-018', 4, '2020-11-13 23:00:00', '2020-11-25 23:00:00', 'Pas intéressé', ''),
('ABC-018', 5, '2020-01-24 23:00:00', '2020-02-17 23:00:00', 'Intéressé', ''),
('ABC-018', 6, '2020-03-03 23:00:00', '2020-03-04 23:00:00', 'Intéressé', ''),
('ABC-018', 8, '2020-01-10 23:00:00', '2020-01-25 23:00:00', NULL, ''),
('ABC-018', 10, '2020-07-28 22:00:00', '2020-08-26 22:00:00', 'Intéressé', ''),
('ABC-018', 10, '2020-09-20 22:00:00', '2020-09-29 22:00:00', 'Intéressé', ''),
('ABC-018', 11, '2020-03-26 22:00:00', '2020-04-05 22:00:00', 'Pas intéressé', ''),
('ABC-018', 11, '2020-04-07 22:00:00', '2020-04-11 22:00:00', NULL, ''),
('ABC-018', 11, '2020-10-12 22:00:00', '2020-10-21 22:00:00', 'Intéressé', ''),
('ABC-018', 11, '2020-11-29 23:00:00', '2020-12-12 23:00:00', NULL, ''),
('ABC-018', 12, '2020-03-31 22:00:00', '2020-04-28 22:00:00', 'Pas intéressé', ''),
('ABC-018', 12, '2020-04-25 22:00:00', '2020-05-04 22:00:00', 'Pas intéressé', ''),
('ABC-018', 12, '2020-08-30 22:00:00', '2020-09-27 22:00:00', 'Pas intéressé', ''),
('ABC-018', 13, '2020-10-08 22:00:00', '2020-11-01 23:00:00', 'Demande réflexion', ''),
('ABC-018', 17, '2020-02-22 23:00:00', '2020-02-27 23:00:00', NULL, ''),
('ABC-018', 17, '2020-05-18 22:00:00', '2020-05-24 22:00:00', 'Pas intéressé', ''),
('ABC-018', 17, '2020-06-04 22:00:00', '2020-06-17 22:00:00', 'Pas intéressé', ''),
('ABC-018', 20, '2020-06-20 22:00:00', '2020-06-27 22:00:00', 'Intéressé', ''),
('ABC-018', 21, '2020-10-18 22:00:00', '2020-10-29 23:00:00', 'Intéressé', ''),
('ABC-018', 21, '2020-11-30 23:00:00', '2020-12-29 23:00:00', 'Pas intéressé', ''),
('ABC-018', 22, '2020-11-10 23:00:00', '2020-11-17 23:00:00', 'Demande réflexion', ''),
('ABC-018', 23, '2020-07-15 22:00:00', '2020-08-02 22:00:00', 'Intéressé', ''),
('ABC-018', 23, '2020-09-27 22:00:00', '2020-10-03 22:00:00', 'Pas intéressé', ''),
('ABC-018', 24, '2020-11-20 23:00:00', '2020-11-24 23:00:00', 'Intéressé', ''),
('ABC-018', 25, '2020-10-23 22:00:00', '2020-11-16 23:00:00', 'Intéressé', ''),
('ABC-018', 26, '2020-10-04 22:00:00', '2020-10-14 22:00:00', NULL, ''),
('ABC-018', 26, '2020-11-18 23:00:00', '2020-12-17 23:00:00', 'Demande réflexion', ''),
('ABC-018', 27, '2020-07-19 22:00:00', '2020-07-30 22:00:00', NULL, ''),
('ABC-018', 27, '2020-09-11 22:00:00', '2020-10-01 22:00:00', 'Intéressé', ''),
('ABC-018', 27, '2020-11-04 23:00:00', '2020-11-12 23:00:00', 'Pas intéressé', ''),
('ABC-018', 29, '2020-02-06 23:00:00', '2020-02-20 23:00:00', 'Intéressé', ''),
('ABC-018', 29, '2020-03-10 23:00:00', '2020-04-07 22:00:00', 'Intéressé', ''),
('ABC-018', 32, '2020-01-23 23:00:00', '2020-01-31 23:00:00', 'Pas intéressé', ''),
('ABC-018', 32, '2020-03-23 23:00:00', '2020-04-14 22:00:00', 'Demande réflexion', ''),
('ABC-019', 1, '2020-12-20 23:00:00', '2021-01-05 23:00:00', 'Demande réflexion', ''),
('ABC-019', 2, '2020-12-24 23:00:00', '2021-01-22 23:00:00', NULL, ''),
('ABC-019', 3, '2020-01-14 23:00:00', '2020-02-03 23:00:00', 'Demande réflexion', ''),
('ABC-019', 3, '2020-08-07 22:00:00', '2020-08-26 22:00:00', 'Pas intéressé', ''),
('ABC-019', 4, '2020-08-16 22:00:00', '2020-09-12 22:00:00', 'Demande réflexion', '');
INSERT INTO `visites` (`NumeroBien`, `NumeroClient`, `DateVisite`, `Prochaincontact`, `Interet`, `Remarques`) VALUES
('ABC-019', 7, '2020-05-30 22:00:00', '2020-06-10 22:00:00', 'Intéressé', ''),
('ABC-019', 7, '2020-12-11 23:00:00', '2021-01-10 23:00:00', 'Pas intéressé', ''),
('ABC-019', 9, '2020-06-04 22:00:00', '2020-06-28 22:00:00', 'Intéressé', ''),
('ABC-019', 10, '2020-03-12 23:00:00', '2020-03-15 23:00:00', 'Demande réflexion', ''),
('ABC-019', 11, '2020-04-08 22:00:00', '2020-05-02 22:00:00', 'Intéressé', ''),
('ABC-019', 11, '2020-05-04 22:00:00', '2020-05-21 22:00:00', 'Demande réflexion', ''),
('ABC-019', 11, '2020-06-20 22:00:00', '2020-07-20 22:00:00', NULL, ''),
('ABC-019', 11, '2020-06-22 22:00:00', '2020-07-03 22:00:00', 'Demande réflexion', ''),
('ABC-019', 11, '2020-08-25 22:00:00', '2020-09-16 22:00:00', 'Demande réflexion', ''),
('ABC-019', 14, '2020-01-06 23:00:00', '2020-01-31 23:00:00', NULL, ''),
('ABC-019', 14, '2020-06-23 22:00:00', '2020-07-03 22:00:00', 'Pas intéressé', ''),
('ABC-019', 14, '2020-07-26 22:00:00', '2020-08-02 22:00:00', 'Intéressé', ''),
('ABC-019', 14, '2020-11-08 23:00:00', '2020-11-21 23:00:00', 'Pas intéressé', ''),
('ABC-019', 17, '2020-07-10 22:00:00', '2020-07-19 22:00:00', 'Pas intéressé', ''),
('ABC-019', 18, '2020-07-21 22:00:00', '2020-08-01 22:00:00', NULL, ''),
('ABC-019', 18, '2020-08-17 22:00:00', '2020-08-27 22:00:00', NULL, ''),
('ABC-019', 18, '2020-12-19 23:00:00', '2021-01-16 23:00:00', 'Intéressé', ''),
('ABC-019', 19, '2020-11-03 23:00:00', '2020-11-13 23:00:00', 'Pas intéressé', ''),
('ABC-019', 20, '2020-04-11 22:00:00', '2020-04-29 22:00:00', 'Demande réflexion', ''),
('ABC-019', 22, '2020-05-09 22:00:00', '2020-05-25 22:00:00', 'Intéressé', ''),
('ABC-019', 22, '2020-07-07 22:00:00', '2020-07-18 22:00:00', 'Demande réflexion', ''),
('ABC-019', 23, '2020-03-21 23:00:00', '2020-04-19 22:00:00', 'Intéressé', ''),
('ABC-019', 23, '2020-06-18 22:00:00', '2020-06-30 22:00:00', NULL, ''),
('ABC-019', 24, '2020-10-18 22:00:00', '2020-11-06 23:00:00', 'Demande réflexion', ''),
('ABC-019', 25, '2020-11-21 23:00:00', '2020-11-22 23:00:00', 'Demande réflexion', ''),
('ABC-019', 26, '2020-11-20 23:00:00', '2020-11-21 23:00:00', 'Intéressé', ''),
('ABC-019', 27, '2020-06-20 22:00:00', '2020-07-18 22:00:00', 'Demande réflexion', ''),
('ABC-019', 28, '2020-08-07 22:00:00', '2020-09-01 22:00:00', 'Pas intéressé', ''),
('ABC-019', 28, '2020-11-01 23:00:00', '2020-11-26 23:00:00', 'Demande réflexion', ''),
('ABC-019', 29, '2020-12-15 23:00:00', '2020-12-17 23:00:00', 'Demande réflexion', ''),
('ABC-019', 33, '2020-01-24 23:00:00', '2020-02-08 23:00:00', 'Demande réflexion', ''),
('ABC-020', 1, '2020-01-22 23:00:00', '2020-01-25 23:00:00', NULL, ''),
('ABC-020', 2, '2020-09-17 22:00:00', '2020-09-22 22:00:00', 'Demande réflexion', ''),
('ABC-020', 3, '2020-07-10 22:00:00', '2020-08-01 22:00:00', 'Demande réflexion', ''),
('ABC-020', 3, '2020-12-17 23:00:00', '2021-01-02 23:00:00', 'Demande réflexion', ''),
('ABC-020', 4, '2020-03-09 23:00:00', '2020-03-12 23:00:00', 'Pas intéressé', ''),
('ABC-020', 4, '2020-03-14 23:00:00', '2020-04-03 22:00:00', 'Pas intéressé', ''),
('ABC-020', 4, '2020-06-05 22:00:00', '2020-06-20 22:00:00', 'Intéressé', ''),
('ABC-020', 4, '2020-12-30 23:00:00', '2021-01-01 23:00:00', NULL, ''),
('ABC-020', 5, '2020-04-14 22:00:00', '2020-05-14 22:00:00', 'Demande réflexion', ''),
('ABC-020', 8, '2020-09-03 22:00:00', '2020-09-07 22:00:00', 'Pas intéressé', ''),
('ABC-020', 8, '2020-09-04 22:00:00', '2020-09-28 22:00:00', 'Pas intéressé', ''),
('ABC-020', 9, '2020-01-20 23:00:00', '2020-02-08 23:00:00', 'Intéressé', ''),
('ABC-020', 13, '2020-04-26 22:00:00', '2020-05-10 22:00:00', 'Demande réflexion', ''),
('ABC-020', 13, '2020-07-05 22:00:00', '2020-08-02 22:00:00', 'Pas intéressé', ''),
('ABC-020', 15, '2020-01-08 23:00:00', '2020-01-18 23:00:00', 'Demande réflexion', ''),
('ABC-020', 15, '2020-07-22 22:00:00', '2020-07-23 22:00:00', 'Pas intéressé', ''),
('ABC-020', 20, '2020-03-02 23:00:00', '2020-03-24 23:00:00', 'Pas intéressé', ''),
('ABC-020', 23, '2020-10-11 22:00:00', '2020-10-21 22:00:00', 'Pas intéressé', ''),
('ABC-020', 24, '2020-08-25 22:00:00', '2020-09-23 22:00:00', 'Pas intéressé', ''),
('ABC-020', 25, '2020-01-11 23:00:00', '2020-02-06 23:00:00', NULL, ''),
('ABC-020', 25, '2020-07-30 22:00:00', '2020-08-06 22:00:00', 'Demande réflexion', ''),
('ABC-020', 26, '2020-08-14 22:00:00', '2020-08-20 22:00:00', 'Demande réflexion', ''),
('ABC-020', 26, '2020-12-03 23:00:00', '2020-12-20 23:00:00', 'Demande réflexion', ''),
('ABC-020', 27, '2020-06-16 22:00:00', '2020-07-13 22:00:00', 'Pas intéressé', ''),
('ABC-020', 27, '2020-10-12 22:00:00', '2020-10-23 22:00:00', NULL, ''),
('ABC-020', 28, '2020-03-27 22:00:00', '2020-04-22 22:00:00', 'Intéressé', ''),
('ABC-020', 28, '2020-06-30 22:00:00', '2020-07-25 22:00:00', 'Intéressé', ''),
('ABC-020', 30, '2020-06-21 22:00:00', '2020-07-01 22:00:00', 'Demande réflexion', ''),
('ABC-020', 33, '2020-01-09 23:00:00', '2020-01-14 23:00:00', 'Pas intéressé', ''),
('ABC-021', 1, '2020-03-15 23:00:00', '2020-04-13 22:00:00', NULL, ''),
('ABC-021', 3, '2020-04-09 22:00:00', '2020-04-19 22:00:00', NULL, ''),
('ABC-021', 3, '2020-05-29 22:00:00', '2020-06-21 22:00:00', 'Intéressé', ''),
('ABC-021', 3, '2020-07-09 22:00:00', '2020-07-28 22:00:00', 'Pas intéressé', ''),
('ABC-021', 3, '2020-11-04 23:00:00', '2020-11-12 23:00:00', 'Demande réflexion', ''),
('ABC-021', 6, '2020-09-03 22:00:00', '2020-09-29 22:00:00', NULL, ''),
('ABC-021', 7, '2020-06-26 22:00:00', '2020-07-10 22:00:00', 'Demande réflexion', ''),
('ABC-021', 7, '2020-07-19 22:00:00', '2020-08-07 22:00:00', 'Pas intéressé', ''),
('ABC-021', 7, '2020-09-03 22:00:00', '2020-09-08 22:00:00', 'Pas intéressé', ''),
('ABC-021', 8, '2020-10-20 22:00:00', '2020-11-02 23:00:00', 'Intéressé', ''),
('ABC-021', 9, '2020-11-08 23:00:00', '2020-11-27 23:00:00', 'Pas intéressé', ''),
('ABC-021', 9, '2020-12-02 23:00:00', '2020-12-21 23:00:00', 'Intéressé', ''),
('ABC-021', 11, '2020-07-20 22:00:00', '2020-08-17 22:00:00', 'Demande réflexion', ''),
('ABC-021', 12, '2020-10-26 22:00:00', '2020-11-01 23:00:00', 'Pas intéressé', ''),
('ABC-021', 13, '2020-06-19 22:00:00', '2020-07-05 22:00:00', NULL, ''),
('ABC-021', 14, '2020-11-24 23:00:00', '2020-11-25 23:00:00', 'Intéressé', ''),
('ABC-021', 16, '2020-03-23 23:00:00', '2020-03-25 23:00:00', 'Intéressé', ''),
('ABC-021', 16, '2020-04-24 22:00:00', '2020-05-18 22:00:00', 'Intéressé', ''),
('ABC-021', 16, '2020-10-15 22:00:00', '2020-10-16 22:00:00', 'Demande réflexion', ''),
('ABC-021', 16, '2020-11-23 23:00:00', '2020-12-04 23:00:00', 'Intéressé', ''),
('ABC-021', 17, '2020-04-12 22:00:00', '2020-04-19 22:00:00', 'Intéressé', ''),
('ABC-021', 19, '2020-03-24 23:00:00', '2020-03-25 23:00:00', 'Intéressé', ''),
('ABC-021', 23, '2020-12-06 23:00:00', '2020-12-22 23:00:00', NULL, ''),
('ABC-021', 24, '2020-03-21 23:00:00', '2020-04-12 22:00:00', 'Intéressé', ''),
('ABC-021', 24, '2020-05-17 22:00:00', '2020-05-18 22:00:00', 'Intéressé', ''),
('ABC-021', 24, '2020-09-20 22:00:00', '2020-09-22 22:00:00', NULL, ''),
('ABC-021', 25, '2020-01-17 23:00:00', '2020-01-28 23:00:00', 'Pas intéressé', ''),
('ABC-021', 25, '2020-07-03 22:00:00', '2020-07-18 22:00:00', 'Demande réflexion', ''),
('ABC-021', 27, '2020-08-30 22:00:00', '2020-09-04 22:00:00', 'Demande réflexion', ''),
('ABC-021', 28, '2020-01-27 23:00:00', '2020-02-15 23:00:00', 'Pas intéressé', ''),
('ABC-021', 28, '2020-02-19 23:00:00', '2020-03-17 23:00:00', 'Intéressé', ''),
('ABC-021', 28, '2020-03-26 22:00:00', '2020-04-10 22:00:00', 'Pas intéressé', ''),
('ABC-021', 29, '2020-02-24 23:00:00', '2020-03-15 23:00:00', 'Intéressé', ''),
('ABC-021', 29, '2020-10-11 22:00:00', '2020-10-17 22:00:00', 'Intéressé', ''),
('ABC-021', 30, '2020-05-29 22:00:00', '2020-06-10 22:00:00', 'Intéressé', ''),
('ABC-021', 30, '2020-08-26 22:00:00', '2020-08-31 22:00:00', NULL, ''),
('ABC-021', 32, '2020-08-14 22:00:00', '2020-09-08 22:00:00', 'Demande réflexion', ''),
('ABC-021', 33, '2020-07-26 22:00:00', '2020-08-05 22:00:00', 'Demande réflexion', ''),
('ABC-022', 1, '2020-02-10 23:00:00', '2020-02-26 23:00:00', 'Demande réflexion', ''),
('ABC-022', 2, '2020-05-23 22:00:00', '2020-06-03 22:00:00', 'Demande réflexion', ''),
('ABC-022', 2, '2020-07-19 22:00:00', '2020-08-16 22:00:00', 'Intéressé', ''),
('ABC-022', 3, '2020-12-13 23:00:00', '2021-01-02 23:00:00', NULL, ''),
('ABC-022', 4, '2020-01-15 23:00:00', '2020-02-11 23:00:00', 'Pas intéressé', ''),
('ABC-022', 4, '2020-02-20 23:00:00', '2020-02-24 23:00:00', 'Demande réflexion', ''),
('ABC-022', 6, '2020-02-04 23:00:00', '2020-02-07 23:00:00', NULL, ''),
('ABC-022', 7, '2020-04-29 22:00:00', '2020-05-19 22:00:00', 'Demande réflexion', ''),
('ABC-022', 7, '2020-09-05 22:00:00', '2020-09-27 22:00:00', 'Intéressé', ''),
('ABC-022', 8, '2020-12-22 23:00:00', '2021-01-14 23:00:00', 'Intéressé', ''),
('ABC-022', 9, '2020-01-03 23:00:00', '2020-01-16 23:00:00', 'Demande réflexion', ''),
('ABC-022', 9, '2020-03-02 23:00:00', '2020-03-18 23:00:00', 'Intéressé', ''),
('ABC-022', 10, '2020-03-08 23:00:00', '2020-03-27 23:00:00', NULL, ''),
('ABC-022', 11, '2020-06-07 22:00:00', '2020-06-30 22:00:00', 'Demande réflexion', ''),
('ABC-022', 13, '2020-04-04 22:00:00', '2020-04-10 22:00:00', NULL, ''),
('ABC-022', 14, '2020-01-24 23:00:00', '2020-02-15 23:00:00', 'Pas intéressé', ''),
('ABC-022', 17, '2020-02-28 23:00:00', '2020-03-16 23:00:00', 'Intéressé', ''),
('ABC-022', 19, '2020-06-24 22:00:00', '2020-07-14 22:00:00', NULL, ''),
('ABC-022', 21, '2020-08-13 22:00:00', '2020-09-03 22:00:00', 'Intéressé', ''),
('ABC-022', 22, '2020-01-24 23:00:00', '2020-02-04 23:00:00', 'Intéressé', ''),
('ABC-022', 23, '2020-01-27 23:00:00', '2020-02-14 23:00:00', 'Pas intéressé', ''),
('ABC-022', 23, '2020-03-02 23:00:00', '2020-03-09 23:00:00', NULL, ''),
('ABC-022', 23, '2020-08-25 22:00:00', '2020-09-02 22:00:00', 'Demande réflexion', ''),
('ABC-022', 24, '2020-04-13 22:00:00', '2020-05-13 22:00:00', 'Demande réflexion', ''),
('ABC-022', 24, '2020-05-19 22:00:00', '2020-06-16 22:00:00', NULL, ''),
('ABC-022', 25, '2020-05-13 22:00:00', '2020-05-21 22:00:00', 'Pas intéressé', ''),
('ABC-022', 25, '2020-06-01 22:00:00', '2020-06-25 22:00:00', 'Intéressé', ''),
('ABC-022', 25, '2020-07-22 22:00:00', '2020-08-06 22:00:00', NULL, ''),
('ABC-022', 25, '2020-09-11 22:00:00', '2020-10-01 22:00:00', 'Demande réflexion', ''),
('ABC-022', 25, '2020-10-17 22:00:00', '2020-11-03 23:00:00', NULL, ''),
('ABC-022', 27, '2020-10-02 22:00:00', '2020-10-12 22:00:00', 'Pas intéressé', ''),
('ABC-022', 28, '2020-08-24 22:00:00', '2020-08-28 22:00:00', 'Demande réflexion', ''),
('ABC-022', 28, '2020-11-16 23:00:00', '2020-12-04 23:00:00', 'Intéressé', ''),
('ABC-022', 29, '2020-08-11 22:00:00', '2020-09-06 22:00:00', 'Intéressé', ''),
('ABC-022', 32, '2020-04-15 22:00:00', '2020-05-06 22:00:00', 'Demande réflexion', ''),
('ABC-022', 32, '2020-05-18 22:00:00', '2020-05-30 22:00:00', NULL, ''),
('ABC-022', 33, '2020-11-28 23:00:00', '2020-12-06 23:00:00', 'Demande réflexion', ''),
('ABC-023', 1, '2020-01-14 23:00:00', '2020-02-10 23:00:00', 'Pas intéressé', ''),
('ABC-023', 1, '2020-12-03 23:00:00', '2020-12-19 23:00:00', 'Intéressé', ''),
('ABC-023', 2, '2020-09-19 22:00:00', '2020-09-27 22:00:00', NULL, ''),
('ABC-023', 3, '2020-01-26 23:00:00', '2020-01-30 23:00:00', NULL, ''),
('ABC-023', 3, '2020-05-30 22:00:00', '2020-06-09 22:00:00', NULL, ''),
('ABC-023', 4, '2020-07-15 22:00:00', '2020-07-17 22:00:00', NULL, ''),
('ABC-023', 4, '2020-10-07 22:00:00', '2020-10-17 22:00:00', 'Pas intéressé', ''),
('ABC-023', 5, '2020-07-30 22:00:00', '2020-08-16 22:00:00', 'Intéressé', ''),
('ABC-023', 7, '2020-03-31 22:00:00', '2020-04-01 22:00:00', 'Pas intéressé', ''),
('ABC-023', 7, '2020-05-06 22:00:00', '2020-05-11 22:00:00', 'Pas intéressé', ''),
('ABC-023', 7, '2020-09-06 22:00:00', '2020-09-13 22:00:00', 'Intéressé', ''),
('ABC-023', 8, '2020-02-20 23:00:00', '2020-03-05 23:00:00', 'Pas intéressé', ''),
('ABC-023', 8, '2020-05-20 22:00:00', '2020-05-23 22:00:00', NULL, ''),
('ABC-023', 10, '2020-09-26 22:00:00', '2020-10-09 22:00:00', 'Pas intéressé', ''),
('ABC-023', 11, '2020-05-12 22:00:00', '2020-05-28 22:00:00', 'Intéressé', ''),
('ABC-023', 12, '2020-04-19 22:00:00', '2020-05-17 22:00:00', 'Demande réflexion', ''),
('ABC-023', 12, '2020-10-20 22:00:00', '2020-11-18 23:00:00', 'Intéressé', ''),
('ABC-023', 14, '2020-08-18 22:00:00', '2020-08-22 22:00:00', NULL, ''),
('ABC-023', 14, '2020-09-29 22:00:00', '2020-10-08 22:00:00', 'Intéressé', ''),
('ABC-023', 17, '2020-05-09 22:00:00', '2020-05-20 22:00:00', 'Intéressé', ''),
('ABC-023', 19, '2020-09-01 22:00:00', '2020-09-14 22:00:00', 'Pas intéressé', ''),
('ABC-023', 19, '2020-10-11 22:00:00', '2020-10-28 23:00:00', NULL, ''),
('ABC-023', 20, '2020-09-24 22:00:00', '2020-10-10 22:00:00', 'Demande réflexion', ''),
('ABC-023', 23, '2020-09-28 22:00:00', '2020-10-04 22:00:00', 'Pas intéressé', ''),
('ABC-023', 25, '2020-01-05 23:00:00', '2020-01-21 23:00:00', NULL, ''),
('ABC-023', 26, '2020-01-06 23:00:00', '2020-01-11 23:00:00', NULL, ''),
('ABC-023', 26, '2020-12-23 23:00:00', '2021-01-10 23:00:00', 'Pas intéressé', ''),
('ABC-023', 27, '2020-03-17 23:00:00', '2020-04-02 22:00:00', 'Demande réflexion', ''),
('ABC-023', 27, '2020-09-18 22:00:00', '2020-10-11 22:00:00', 'Demande réflexion', ''),
('ABC-023', 29, '2020-10-25 22:00:00', '2020-11-14 23:00:00', NULL, ''),
('ABC-023', 32, '2020-03-31 22:00:00', '2020-04-24 22:00:00', 'Pas intéressé', ''),
('ABC-023', 33, '2020-05-21 22:00:00', '2020-05-24 22:00:00', 'Demande réflexion', ''),
('ABC-024', 1, '2020-12-03 23:00:00', '2020-12-31 23:00:00', 'Pas intéressé', ''),
('ABC-024', 2, '2020-08-17 22:00:00', '2020-08-23 22:00:00', NULL, ''),
('ABC-024', 6, '2020-03-02 23:00:00', '2020-03-17 23:00:00', 'Demande réflexion', ''),
('ABC-024', 7, '2020-02-03 23:00:00', '2020-02-20 23:00:00', 'Pas intéressé', ''),
('ABC-024', 8, '2020-05-12 22:00:00', '2020-05-18 22:00:00', 'Pas intéressé', ''),
('ABC-024', 8, '2020-12-08 23:00:00', '2020-12-18 23:00:00', 'Intéressé', ''),
('ABC-024', 9, '2020-01-31 23:00:00', '2020-02-19 23:00:00', 'Intéressé', ''),
('ABC-024', 9, '2020-07-12 22:00:00', '2020-08-04 22:00:00', 'Demande réflexion', ''),
('ABC-024', 9, '2020-09-26 22:00:00', '2020-10-17 22:00:00', 'Intéressé', ''),
('ABC-024', 9, '2020-11-22 23:00:00', '2020-11-23 23:00:00', 'Pas intéressé', ''),
('ABC-024', 12, '2020-04-17 22:00:00', '2020-04-26 22:00:00', 'Pas intéressé', ''),
('ABC-024', 16, '2020-04-09 22:00:00', '2020-04-10 22:00:00', 'Pas intéressé', ''),
('ABC-024', 17, '2020-08-29 22:00:00', '2020-09-18 22:00:00', NULL, ''),
('ABC-024', 18, '2020-03-01 23:00:00', '2020-03-29 23:00:00', 'Demande réflexion', ''),
('ABC-024', 18, '2020-08-23 22:00:00', '2020-09-19 22:00:00', NULL, ''),
('ABC-024', 18, '2020-09-05 22:00:00', '2020-09-11 22:00:00', 'Demande réflexion', ''),
('ABC-024', 20, '2020-01-25 23:00:00', '2020-01-30 23:00:00', 'Pas intéressé', ''),
('ABC-024', 25, '2020-09-20 22:00:00', '2020-10-06 22:00:00', 'Intéressé', ''),
('ABC-024', 25, '2020-10-26 22:00:00', '2020-11-23 23:00:00', 'Pas intéressé', ''),
('ABC-024', 26, '2020-07-03 22:00:00', '2020-07-27 22:00:00', 'Demande réflexion', ''),
('ABC-024', 27, '2020-02-23 23:00:00', '2020-03-23 23:00:00', 'Pas intéressé', ''),
('ABC-024', 28, '2020-01-28 23:00:00', '2020-01-30 23:00:00', 'Pas intéressé', ''),
('ABC-024', 29, '2020-08-04 22:00:00', '2020-08-10 22:00:00', 'Intéressé', ''),
('ABC-024', 29, '2020-09-15 22:00:00', '2020-09-18 22:00:00', NULL, ''),
('ABC-024', 30, '2020-10-14 22:00:00', '2020-11-08 23:00:00', NULL, ''),
('ABC-024', 32, '2020-05-12 22:00:00', '2020-05-28 22:00:00', NULL, ''),
('ABC-025', 2, '2020-01-04 23:00:00', '2020-01-05 23:00:00', 'Demande réflexion', ''),
('ABC-025', 2, '2020-05-31 22:00:00', '2020-06-28 22:00:00', NULL, ''),
('ABC-025', 3, '2020-05-09 22:00:00', '2020-05-10 22:00:00', 'Pas intéressé', ''),
('ABC-025', 4, '2020-05-20 22:00:00', '2020-05-25 22:00:00', 'Pas intéressé', ''),
('ABC-025', 4, '2020-07-25 22:00:00', '2020-08-09 22:00:00', 'Intéressé', ''),
('ABC-025', 4, '2020-10-23 22:00:00', '2020-11-16 23:00:00', NULL, ''),
('ABC-025', 5, '2020-07-29 22:00:00', '2020-08-06 22:00:00', 'Intéressé', ''),
('ABC-025', 6, '2020-03-14 23:00:00', '2020-04-12 22:00:00', 'Intéressé', ''),
('ABC-025', 6, '2020-12-25 23:00:00', '2021-01-15 23:00:00', NULL, ''),
('ABC-025', 7, '2020-01-01 23:00:00', '2020-01-23 23:00:00', 'Demande réflexion', ''),
('ABC-025', 8, '2020-06-13 22:00:00', '2020-07-08 22:00:00', 'Demande réflexion', ''),
('ABC-025', 8, '2020-11-14 23:00:00', '2020-12-12 23:00:00', 'Pas intéressé', ''),
('ABC-025', 9, '2020-07-05 22:00:00', '2020-07-19 22:00:00', 'Pas intéressé', ''),
('ABC-025', 10, '2020-02-02 23:00:00', '2020-02-06 23:00:00', 'Intéressé', ''),
('ABC-025', 10, '2020-03-12 23:00:00', '2020-03-23 23:00:00', 'Demande réflexion', ''),
('ABC-025', 10, '2020-07-10 22:00:00', '2020-08-07 22:00:00', 'Demande réflexion', ''),
('ABC-025', 13, '2020-04-12 22:00:00', '2020-05-07 22:00:00', NULL, ''),
('ABC-025', 14, '2020-12-03 23:00:00', '2020-12-09 23:00:00', 'Intéressé', ''),
('ABC-025', 16, '2020-06-06 22:00:00', '2020-06-28 22:00:00', NULL, ''),
('ABC-025', 17, '2020-05-13 22:00:00', '2020-06-11 22:00:00', 'Demande réflexion', ''),
('ABC-025', 19, '2020-07-30 22:00:00', '2020-08-25 22:00:00', 'Demande réflexion', ''),
('ABC-025', 19, '2020-12-26 23:00:00', '2021-01-22 23:00:00', 'Intéressé', ''),
('ABC-025', 21, '2020-05-26 22:00:00', '2020-06-21 22:00:00', 'Demande réflexion', ''),
('ABC-025', 21, '2020-08-08 22:00:00', '2020-08-17 22:00:00', 'Intéressé', ''),
('ABC-025', 21, '2020-09-11 22:00:00', '2020-09-26 22:00:00', NULL, ''),
('ABC-025', 22, '2020-02-21 23:00:00', '2020-03-09 23:00:00', 'Intéressé', ''),
('ABC-025', 22, '2020-02-26 23:00:00', '2020-03-16 23:00:00', 'Pas intéressé', ''),
('ABC-025', 22, '2020-08-11 22:00:00', '2020-08-16 22:00:00', NULL, ''),
('ABC-025', 22, '2020-10-02 22:00:00', '2020-11-01 23:00:00', 'Demande réflexion', ''),
('ABC-025', 23, '2020-05-12 22:00:00', '2020-05-17 22:00:00', 'Pas intéressé', ''),
('ABC-025', 23, '2020-10-02 22:00:00', '2020-10-22 22:00:00', 'Demande réflexion', ''),
('ABC-025', 24, '2020-05-04 22:00:00', '2020-06-01 22:00:00', 'Demande réflexion', ''),
('ABC-025', 25, '2020-03-10 23:00:00', '2020-03-18 23:00:00', 'Demande réflexion', ''),
('ABC-025', 25, '2020-03-13 23:00:00', '2020-04-08 22:00:00', 'Intéressé', ''),
('ABC-025', 26, '2020-07-16 22:00:00', '2020-07-26 22:00:00', 'Demande réflexion', ''),
('ABC-025', 26, '2020-11-14 23:00:00', '2020-12-02 23:00:00', 'Intéressé', ''),
('ABC-025', 27, '2020-01-06 23:00:00', '2020-02-04 23:00:00', NULL, ''),
('ABC-025', 27, '2020-11-19 23:00:00', '2020-12-04 23:00:00', 'Demande réflexion', ''),
('ABC-025', 28, '2020-12-01 23:00:00', '2020-12-25 23:00:00', 'Intéressé', ''),
('ABC-025', 29, '2020-12-07 23:00:00', '2020-12-31 23:00:00', NULL, ''),
('ABC-025', 32, '2020-07-19 22:00:00', '2020-07-29 22:00:00', 'Pas intéressé', ''),
('ABC-025', 33, '2020-05-30 22:00:00', '2020-06-15 22:00:00', 'Intéressé', ''),
('ABC-026', 1, '2020-01-13 23:00:00', '2020-02-07 23:00:00', 'Pas intéressé', ''),
('ABC-026', 1, '2020-04-21 22:00:00', '2020-05-01 22:00:00', 'Intéressé', ''),
('ABC-026', 5, '2020-11-24 23:00:00', '2020-12-19 23:00:00', 'Demande réflexion', ''),
('ABC-026', 6, '2020-09-04 22:00:00', '2020-10-04 22:00:00', 'Intéressé', ''),
('ABC-026', 8, '2020-08-23 22:00:00', '2020-09-19 22:00:00', 'Pas intéressé', ''),
('ABC-026', 8, '2020-12-09 23:00:00', '2020-12-11 23:00:00', NULL, ''),
('ABC-026', 10, '2020-07-21 22:00:00', '2020-08-20 22:00:00', NULL, ''),
('ABC-026', 10, '2020-10-17 22:00:00', '2020-11-16 23:00:00', 'Pas intéressé', ''),
('ABC-026', 11, '2020-06-07 22:00:00', '2020-06-22 22:00:00', 'Intéressé', ''),
('ABC-026', 12, '2020-06-24 22:00:00', '2020-07-21 22:00:00', 'Demande réflexion', ''),
('ABC-026', 12, '2020-07-24 22:00:00', '2020-08-07 22:00:00', 'Intéressé', ''),
('ABC-026', 12, '2020-09-26 22:00:00', '2020-10-21 22:00:00', 'Pas intéressé', ''),
('ABC-026', 12, '2020-11-21 23:00:00', '2020-12-17 23:00:00', 'Demande réflexion', ''),
('ABC-026', 13, '2020-03-14 23:00:00', '2020-03-27 23:00:00', 'Demande réflexion', ''),
('ABC-026', 13, '2020-05-23 22:00:00', '2020-06-02 22:00:00', 'Intéressé', ''),
('ABC-026', 13, '2020-07-03 22:00:00', '2020-07-21 22:00:00', 'Demande réflexion', ''),
('ABC-026', 14, '2020-06-29 22:00:00', '2020-07-08 22:00:00', 'Intéressé', ''),
('ABC-026', 15, '2020-03-22 23:00:00', '2020-03-28 23:00:00', NULL, ''),
('ABC-026', 16, '2020-09-15 22:00:00', '2020-09-28 22:00:00', NULL, ''),
('ABC-026', 17, '2020-06-29 22:00:00', '2020-07-27 22:00:00', NULL, ''),
('ABC-026', 19, '2020-03-20 23:00:00', '2020-03-25 23:00:00', 'Pas intéressé', ''),
('ABC-026', 22, '2020-03-09 23:00:00', '2020-04-01 22:00:00', NULL, ''),
('ABC-026', 23, '2020-09-02 22:00:00', '2020-09-08 22:00:00', 'Demande réflexion', ''),
('ABC-026', 24, '2020-08-31 22:00:00', '2020-09-09 22:00:00', NULL, ''),
('ABC-026', 25, '2020-12-10 23:00:00', '2021-01-01 23:00:00', 'Demande réflexion', ''),
('ABC-026', 26, '2020-05-28 22:00:00', '2020-06-04 22:00:00', NULL, ''),
('ABC-026', 26, '2020-12-14 23:00:00', '2020-12-20 23:00:00', 'Pas intéressé', ''),
('ABC-026', 28, '2020-01-23 23:00:00', '2020-02-21 23:00:00', 'Pas intéressé', ''),
('ABC-026', 28, '2020-03-23 23:00:00', '2020-04-14 22:00:00', 'Pas intéressé', ''),
('ABC-026', 30, '2020-04-27 22:00:00', '2020-04-28 22:00:00', NULL, ''),
('ABC-026', 30, '2020-05-29 22:00:00', '2020-06-08 22:00:00', 'Demande réflexion', ''),
('ABC-026', 30, '2020-09-09 22:00:00', '2020-09-12 22:00:00', 'Pas intéressé', ''),
('ABC-026', 32, '2020-02-19 23:00:00', '2020-02-21 23:00:00', 'Demande réflexion', ''),
('ABC-027', 1, '2020-03-05 23:00:00', '2020-03-11 23:00:00', NULL, ''),
('ABC-027', 2, '2020-04-30 22:00:00', '2020-05-26 22:00:00', 'Intéressé', ''),
('ABC-027', 2, '2020-07-25 22:00:00', '2020-08-17 22:00:00', 'Pas intéressé', ''),
('ABC-027', 4, '2020-07-12 22:00:00', '2020-07-22 22:00:00', 'Pas intéressé', ''),
('ABC-027', 5, '2020-01-03 23:00:00', '2020-01-18 23:00:00', 'Demande réflexion', ''),
('ABC-027', 5, '2020-07-14 22:00:00', '2020-07-21 22:00:00', 'Demande réflexion', ''),
('ABC-027', 6, '2020-07-06 22:00:00', '2020-07-15 22:00:00', NULL, ''),
('ABC-027', 9, '2020-01-22 23:00:00', '2020-02-06 23:00:00', 'Pas intéressé', ''),
('ABC-027', 12, '2020-04-25 22:00:00', '2020-04-28 22:00:00', 'Demande réflexion', ''),
('ABC-027', 13, '2020-10-19 22:00:00', '2020-11-05 23:00:00', 'Intéressé', ''),
('ABC-027', 14, '2020-12-19 23:00:00', '2021-01-12 23:00:00', 'Demande réflexion', ''),
('ABC-027', 15, '2020-07-27 22:00:00', '2020-08-19 22:00:00', 'Demande réflexion', ''),
('ABC-027', 15, '2020-11-11 23:00:00', '2020-11-23 23:00:00', 'Demande réflexion', ''),
('ABC-027', 16, '2020-11-02 23:00:00', '2020-11-23 23:00:00', 'Pas intéressé', ''),
('ABC-027', 17, '2020-01-04 23:00:00', '2020-01-10 23:00:00', 'Pas intéressé', ''),
('ABC-027', 17, '2020-10-25 22:00:00', '2020-11-03 23:00:00', 'Intéressé', ''),
('ABC-027', 18, '2020-02-15 23:00:00', '2020-02-27 23:00:00', 'Intéressé', ''),
('ABC-027', 18, '2020-08-28 22:00:00', '2020-09-24 22:00:00', 'Demande réflexion', ''),
('ABC-027', 19, '2020-06-29 22:00:00', '2020-07-07 22:00:00', 'Intéressé', ''),
('ABC-027', 20, '2020-06-24 22:00:00', '2020-07-20 22:00:00', 'Demande réflexion', ''),
('ABC-027', 20, '2020-08-22 22:00:00', '2020-09-12 22:00:00', 'Demande réflexion', ''),
('ABC-027', 22, '2020-01-02 23:00:00', '2020-01-29 23:00:00', NULL, ''),
('ABC-027', 22, '2020-01-29 23:00:00', '2020-02-13 23:00:00', 'Demande réflexion', ''),
('ABC-027', 23, '2020-02-04 23:00:00', '2020-02-15 23:00:00', 'Pas intéressé', ''),
('ABC-027', 23, '2020-02-16 23:00:00', '2020-02-24 23:00:00', 'Intéressé', ''),
('ABC-027', 24, '2020-09-21 22:00:00', '2020-10-14 22:00:00', 'Demande réflexion', ''),
('ABC-027', 26, '2020-08-28 22:00:00', '2020-09-17 22:00:00', 'Pas intéressé', ''),
('ABC-027', 28, '2020-04-18 22:00:00', '2020-04-24 22:00:00', 'Demande réflexion', ''),
('ABC-027', 28, '2020-10-27 22:00:00', '2020-11-06 23:00:00', 'Pas intéressé', ''),
('ABC-027', 28, '2020-11-11 23:00:00', '2020-12-07 23:00:00', 'Pas intéressé', ''),
('ABC-027', 29, '2020-06-30 22:00:00', '2020-07-27 22:00:00', NULL, ''),
('ABC-027', 29, '2020-08-02 22:00:00', '2020-08-19 22:00:00', 'Intéressé', ''),
('ABC-027', 30, '2020-04-10 22:00:00', '2020-04-15 22:00:00', 'Pas intéressé', ''),
('ABC-027', 30, '2020-07-06 22:00:00', '2020-08-01 22:00:00', NULL, ''),
('ABC-027', 32, '2020-09-23 22:00:00', '2020-10-18 22:00:00', NULL, ''),
('ABC-028', 1, '2020-04-10 22:00:00', '2020-04-30 22:00:00', 'Demande réflexion', ''),
('ABC-028', 2, '2020-08-04 22:00:00', '2020-08-13 22:00:00', 'Intéressé', ''),
('ABC-028', 11, '2020-10-11 22:00:00', '2020-11-07 23:00:00', 'Demande réflexion', ''),
('ABC-028', 12, '2020-12-29 23:00:00', '2021-01-23 23:00:00', 'Intéressé', ''),
('ABC-028', 13, '2020-07-07 22:00:00', '2020-07-29 22:00:00', 'Intéressé', ''),
('ABC-028', 17, '2020-01-15 23:00:00', '2020-02-06 23:00:00', 'Intéressé', ''),
('ABC-028', 17, '2020-02-17 23:00:00', '2020-03-11 23:00:00', 'Demande réflexion', ''),
('ABC-028', 17, '2020-12-27 23:00:00', '2021-01-12 23:00:00', 'Pas intéressé', ''),
('ABC-028', 18, '2020-02-16 23:00:00', '2020-03-09 23:00:00', 'Intéressé', ''),
('ABC-028', 19, '2020-09-21 22:00:00', '2020-10-09 22:00:00', NULL, ''),
('ABC-028', 20, '2020-07-04 22:00:00', '2020-07-21 22:00:00', NULL, ''),
('ABC-028', 21, '2020-01-05 23:00:00', '2020-01-24 23:00:00', 'Demande réflexion', ''),
('ABC-028', 22, '2020-04-03 22:00:00', '2020-04-13 22:00:00', NULL, ''),
('ABC-028', 22, '2020-04-11 22:00:00', '2020-04-22 22:00:00', NULL, ''),
('ABC-028', 22, '2020-09-24 22:00:00', '2020-09-27 22:00:00', 'Pas intéressé', ''),
('ABC-028', 23, '2020-04-15 22:00:00', '2020-04-16 22:00:00', NULL, ''),
('ABC-028', 24, '2020-10-17 22:00:00', '2020-11-11 23:00:00', 'Demande réflexion', ''),
('ABC-028', 25, '2020-09-05 22:00:00', '2020-09-18 22:00:00', 'Intéressé', ''),
('ABC-028', 26, '2020-06-30 22:00:00', '2020-07-26 22:00:00', 'Intéressé', ''),
('ABC-028', 26, '2020-08-01 22:00:00', '2020-08-15 22:00:00', 'Demande réflexion', ''),
('ABC-028', 26, '2020-12-24 23:00:00', '2021-01-04 23:00:00', 'Pas intéressé', ''),
('ABC-028', 27, '2020-11-28 23:00:00', '2020-12-24 23:00:00', 'Demande réflexion', ''),
('ABC-028', 27, '2020-12-19 23:00:00', '2020-12-28 23:00:00', 'Pas intéressé', ''),
('ABC-028', 29, '2020-08-24 22:00:00', '2020-09-05 22:00:00', 'Demande réflexion', ''),
('ABC-028', 30, '2020-05-30 22:00:00', '2020-06-14 22:00:00', 'Intéressé', ''),
('ABC-028', 32, '2020-06-29 22:00:00', '2020-07-02 22:00:00', 'Intéressé', ''),
('ABC-028', 32, '2020-07-24 22:00:00', '2020-08-22 22:00:00', 'Pas intéressé', ''),
('ABC-028', 33, '2020-02-17 23:00:00', '2020-03-12 23:00:00', 'Intéressé', ''),
('ABC-029', 2, '2020-07-08 22:00:00', '2020-07-19 22:00:00', 'Pas intéressé', ''),
('ABC-029', 2, '2020-11-28 23:00:00', '2020-12-13 23:00:00', 'Intéressé', ''),
('ABC-029', 3, '2020-09-04 22:00:00', '2020-09-08 22:00:00', 'Pas intéressé', ''),
('ABC-029', 4, '2020-08-27 22:00:00', '2020-09-05 22:00:00', 'Pas intéressé', ''),
('ABC-029', 6, '2020-01-09 23:00:00', '2020-01-16 23:00:00', 'Demande réflexion', ''),
('ABC-029', 7, '2020-03-16 23:00:00', '2020-04-05 22:00:00', NULL, ''),
('ABC-029', 8, '2020-08-20 22:00:00', '2020-09-08 22:00:00', 'Demande réflexion', ''),
('ABC-029', 11, '2020-12-01 23:00:00', '2020-12-29 23:00:00', 'Pas intéressé', ''),
('ABC-029', 12, '2020-01-28 23:00:00', '2020-02-05 23:00:00', NULL, ''),
('ABC-029', 12, '2020-05-12 22:00:00', '2020-05-31 22:00:00', NULL, ''),
('ABC-029', 14, '2020-12-07 23:00:00', '2021-01-05 23:00:00', 'Pas intéressé', ''),
('ABC-029', 15, '2020-01-20 23:00:00', '2020-02-03 23:00:00', 'Intéressé', ''),
('ABC-029', 15, '2020-09-01 22:00:00', '2020-10-01 22:00:00', 'Intéressé', ''),
('ABC-029', 15, '2020-12-08 23:00:00', '2020-12-29 23:00:00', NULL, ''),
('ABC-029', 16, '2020-01-25 23:00:00', '2020-02-15 23:00:00', 'Pas intéressé', ''),
('ABC-029', 17, '2020-10-04 22:00:00', '2020-10-27 23:00:00', NULL, ''),
('ABC-029', 19, '2020-09-18 22:00:00', '2020-09-26 22:00:00', 'Intéressé', ''),
('ABC-029', 20, '2020-06-03 22:00:00', '2020-06-26 22:00:00', 'Pas intéressé', ''),
('ABC-029', 23, '2020-03-03 23:00:00', '2020-03-08 23:00:00', 'Intéressé', ''),
('ABC-029', 23, '2020-09-21 22:00:00', '2020-10-02 22:00:00', 'Demande réflexion', ''),
('ABC-029', 23, '2020-12-02 23:00:00', '2020-12-06 23:00:00', 'Pas intéressé', ''),
('ABC-029', 24, '2020-02-02 23:00:00', '2020-02-04 23:00:00', 'Pas intéressé', ''),
('ABC-029', 25, '2020-02-25 23:00:00', '2020-03-26 23:00:00', 'Demande réflexion', ''),
('ABC-029', 27, '2020-09-05 22:00:00', '2020-09-24 22:00:00', 'Intéressé', ''),
('ABC-029', 27, '2020-11-26 23:00:00', '2020-11-29 23:00:00', 'Pas intéressé', ''),
('ABC-029', 30, '2020-04-12 22:00:00', '2020-04-21 22:00:00', 'Pas intéressé', ''),
('ABC-029', 32, '2020-02-28 23:00:00', '2020-03-03 23:00:00', 'Pas intéressé', ''),
('ABC-029', 33, '2020-10-31 23:00:00', '2020-11-30 23:00:00', NULL, ''),
('ABC-030', 4, '2020-04-30 22:00:00', '2020-05-21 22:00:00', NULL, ''),
('ABC-030', 5, '2020-10-04 22:00:00', '2020-10-14 22:00:00', 'Intéressé', ''),
('ABC-030', 7, '2020-10-18 22:00:00', '2020-10-21 22:00:00', 'Intéressé', ''),
('ABC-030', 7, '2020-12-21 23:00:00', '2020-12-22 23:00:00', 'Pas intéressé', ''),
('ABC-030', 8, '2020-04-20 22:00:00', '2020-05-02 22:00:00', 'Pas intéressé', ''),
('ABC-030', 8, '2020-08-17 22:00:00', '2020-09-08 22:00:00', 'Intéressé', ''),
('ABC-030', 12, '2020-02-23 23:00:00', '2020-03-12 23:00:00', NULL, ''),
('ABC-030', 12, '2020-06-10 22:00:00', '2020-07-05 22:00:00', 'Intéressé', ''),
('ABC-030', 12, '2020-10-17 22:00:00', '2020-11-11 23:00:00', 'Pas intéressé', ''),
('ABC-030', 13, '2020-01-16 23:00:00', '2020-01-26 23:00:00', 'Intéressé', ''),
('ABC-030', 13, '2020-04-19 22:00:00', '2020-04-23 22:00:00', 'Demande réflexion', ''),
('ABC-030', 14, '2020-05-05 22:00:00', '2020-05-20 22:00:00', 'Pas intéressé', ''),
('ABC-030', 14, '2020-05-07 22:00:00', '2020-05-20 22:00:00', 'Demande réflexion', ''),
('ABC-030', 18, '2020-02-14 23:00:00', '2020-03-07 23:00:00', 'Demande réflexion', ''),
('ABC-030', 18, '2020-02-18 23:00:00', '2020-03-16 23:00:00', 'Pas intéressé', ''),
('ABC-030', 19, '2020-05-14 22:00:00', '2020-06-09 22:00:00', 'Intéressé', ''),
('ABC-030', 22, '2020-08-15 22:00:00', '2020-08-25 22:00:00', 'Pas intéressé', ''),
('ABC-030', 23, '2020-03-24 23:00:00', '2020-04-18 22:00:00', 'Pas intéressé', ''),
('ABC-030', 23, '2020-07-22 22:00:00', '2020-07-28 22:00:00', 'Pas intéressé', ''),
('ABC-030', 24, '2020-04-15 22:00:00', '2020-04-25 22:00:00', NULL, ''),
('ABC-030', 25, '2020-01-09 23:00:00', '2020-01-12 23:00:00', 'Pas intéressé', ''),
('ABC-030', 25, '2020-02-04 23:00:00', '2020-02-16 23:00:00', NULL, ''),
('ABC-030', 25, '2020-03-24 23:00:00', '2020-03-26 23:00:00', 'Intéressé', ''),
('ABC-030', 25, '2020-08-13 22:00:00', '2020-08-18 22:00:00', NULL, ''),
('ABC-030', 27, '2020-03-19 23:00:00', '2020-03-30 22:00:00', NULL, ''),
('ABC-030', 28, '2020-07-21 22:00:00', '2020-08-08 22:00:00', 'Intéressé', ''),
('ABC-030', 32, '2020-06-01 22:00:00', '2020-06-22 22:00:00', 'Intéressé', ''),
('ABC-030', 33, '2020-02-24 23:00:00', '2020-03-25 23:00:00', 'Pas intéressé', ''),
('ABC-030', 33, '2020-04-06 22:00:00', '2020-05-05 22:00:00', 'Intéressé', ''),
('ABC-030', 33, '2020-11-07 23:00:00', '2020-12-05 23:00:00', 'Demande réflexion', ''),
('ABC-031', 1, '2020-03-07 23:00:00', '2020-03-17 23:00:00', 'Demande réflexion', ''),
('ABC-031', 1, '2020-09-16 22:00:00', '2020-09-20 22:00:00', 'Pas intéressé', ''),
('ABC-031', 1, '2020-09-22 22:00:00', '2020-09-25 22:00:00', 'Pas intéressé', ''),
('ABC-031', 1, '2020-10-18 22:00:00', '2020-10-31 23:00:00', 'Pas intéressé', ''),
('ABC-031', 2, '2020-01-17 23:00:00', '2020-01-31 23:00:00', 'Pas intéressé', ''),
('ABC-031', 2, '2020-06-30 22:00:00', '2020-07-12 22:00:00', 'Intéressé', ''),
('ABC-031', 3, '2020-05-27 22:00:00', '2020-06-21 22:00:00', 'Pas intéressé', ''),
('ABC-031', 3, '2020-05-28 22:00:00', '2020-05-29 22:00:00', 'Intéressé', ''),
('ABC-031', 5, '2020-07-05 22:00:00', '2020-07-28 22:00:00', NULL, ''),
('ABC-031', 5, '2020-09-15 22:00:00', '2020-10-13 22:00:00', NULL, ''),
('ABC-031', 5, '2020-12-05 23:00:00', '2020-12-17 23:00:00', 'Demande réflexion', ''),
('ABC-031', 6, '2020-08-01 22:00:00', '2020-08-15 22:00:00', 'Intéressé', ''),
('ABC-031', 7, '2020-06-20 22:00:00', '2020-06-29 22:00:00', 'Pas intéressé', ''),
('ABC-031', 7, '2020-12-10 23:00:00', '2020-12-18 23:00:00', 'Demande réflexion', ''),
('ABC-031', 8, '2020-01-11 23:00:00', '2020-01-25 23:00:00', 'Intéressé', ''),
('ABC-031', 10, '2020-01-23 23:00:00', '2020-02-14 23:00:00', 'Pas intéressé', ''),
('ABC-031', 10, '2020-05-01 22:00:00', '2020-05-13 22:00:00', NULL, ''),
('ABC-031', 11, '2020-06-05 22:00:00', '2020-06-19 22:00:00', 'Intéressé', ''),
('ABC-031', 12, '2020-07-08 22:00:00', '2020-07-10 22:00:00', NULL, ''),
('ABC-031', 13, '2020-06-04 22:00:00', '2020-06-17 22:00:00', NULL, ''),
('ABC-031', 13, '2020-08-04 22:00:00', '2020-08-20 22:00:00', NULL, ''),
('ABC-031', 13, '2020-11-15 23:00:00', '2020-11-16 23:00:00', 'Demande réflexion', ''),
('ABC-031', 14, '2020-03-06 23:00:00', '2020-03-09 23:00:00', 'Demande réflexion', ''),
('ABC-031', 18, '2020-03-04 23:00:00', '2020-04-03 22:00:00', NULL, ''),
('ABC-031', 19, '2020-05-22 22:00:00', '2020-06-15 22:00:00', 'Demande réflexion', ''),
('ABC-031', 19, '2020-06-03 22:00:00', '2020-06-09 22:00:00', 'Pas intéressé', ''),
('ABC-031', 19, '2020-06-22 22:00:00', '2020-07-14 22:00:00', 'Intéressé', ''),
('ABC-031', 20, '2020-04-22 22:00:00', '2020-04-26 22:00:00', NULL, ''),
('ABC-031', 21, '2020-07-18 22:00:00', '2020-08-16 22:00:00', NULL, ''),
('ABC-031', 23, '2020-03-22 23:00:00', '2020-04-14 22:00:00', 'Intéressé', ''),
('ABC-031', 23, '2020-06-22 22:00:00', '2020-06-25 22:00:00', NULL, ''),
('ABC-031', 23, '2020-07-17 22:00:00', '2020-08-07 22:00:00', 'Intéressé', ''),
('ABC-031', 23, '2020-08-06 22:00:00', '2020-08-13 22:00:00', 'Intéressé', ''),
('ABC-031', 24, '2020-03-05 23:00:00', '2020-04-02 22:00:00', 'Intéressé', ''),
('ABC-031', 26, '2020-04-09 22:00:00', '2020-04-18 22:00:00', 'Demande réflexion', ''),
('ABC-031', 27, '2020-04-18 22:00:00', '2020-05-12 22:00:00', 'Intéressé', ''),
('ABC-031', 28, '2020-01-01 23:00:00', '2020-01-03 23:00:00', 'Demande réflexion', ''),
('ABC-031', 28, '2020-05-30 22:00:00', '2020-06-05 22:00:00', 'Demande réflexion', ''),
('ABC-031', 28, '2020-06-19 22:00:00', '2020-07-15 22:00:00', 'Pas intéressé', ''),
('ABC-031', 28, '2020-10-05 22:00:00', '2020-10-06 22:00:00', NULL, ''),
('ABC-031', 30, '2020-10-19 22:00:00', '2020-11-07 23:00:00', 'Pas intéressé', ''),
('ABC-031', 32, '2020-05-25 22:00:00', '2020-06-19 22:00:00', NULL, ''),
('ABC-031', 33, '2020-03-29 22:00:00', '2020-04-07 22:00:00', 'Pas intéressé', ''),
('ABC-032', 4, '2020-06-22 22:00:00', '2020-07-06 22:00:00', 'Demande réflexion', ''),
('ABC-032', 4, '2020-10-18 22:00:00', '2020-10-25 22:00:00', 'Pas intéressé', ''),
('ABC-032', 6, '2020-02-20 23:00:00', '2020-02-25 23:00:00', 'Demande réflexion', ''),
('ABC-032', 6, '2020-06-12 22:00:00', '2020-06-16 22:00:00', 'Demande réflexion', ''),
('ABC-032', 8, '2020-08-14 22:00:00', '2020-08-29 22:00:00', 'Demande réflexion', ''),
('ABC-032', 10, '2020-01-11 23:00:00', '2020-01-17 23:00:00', 'Pas intéressé', ''),
('ABC-032', 11, '2020-02-19 23:00:00', '2020-03-05 23:00:00', NULL, ''),
('ABC-032', 11, '2020-07-13 22:00:00', '2020-07-25 22:00:00', 'Pas intéressé', ''),
('ABC-032', 11, '2020-10-22 22:00:00', '2020-11-02 23:00:00', NULL, ''),
('ABC-032', 12, '2020-01-18 23:00:00', '2020-02-10 23:00:00', 'Demande réflexion', ''),
('ABC-032', 12, '2020-11-13 23:00:00', '2020-12-03 23:00:00', 'Demande réflexion', ''),
('ABC-032', 13, '2020-12-15 23:00:00', '2020-12-17 23:00:00', 'Demande réflexion', ''),
('ABC-032', 14, '2020-01-02 23:00:00', '2020-01-20 23:00:00', 'Intéressé', ''),
('ABC-032', 14, '2020-05-13 22:00:00', '2020-05-22 22:00:00', 'Intéressé', ''),
('ABC-032', 14, '2020-07-03 22:00:00', '2020-07-26 22:00:00', 'Demande réflexion', ''),
('ABC-032', 18, '2020-02-11 23:00:00', '2020-02-23 23:00:00', 'Intéressé', ''),
('ABC-032', 18, '2020-06-13 22:00:00', '2020-07-01 22:00:00', 'Pas intéressé', ''),
('ABC-032', 19, '2020-01-01 23:00:00', '2020-01-27 23:00:00', NULL, ''),
('ABC-032', 20, '2020-02-05 23:00:00', '2020-03-02 23:00:00', NULL, ''),
('ABC-032', 22, '2020-10-21 22:00:00', '2020-10-26 23:00:00', 'Demande réflexion', ''),
('ABC-032', 22, '2020-12-10 23:00:00', '2021-01-04 23:00:00', 'Pas intéressé', ''),
('ABC-032', 24, '2020-10-30 23:00:00', '2020-11-06 23:00:00', 'Demande réflexion', ''),
('ABC-032', 26, '2020-06-03 22:00:00', '2020-06-13 22:00:00', 'Demande réflexion', ''),
('ABC-032', 26, '2020-06-25 22:00:00', '2020-06-28 22:00:00', 'Pas intéressé', ''),
('ABC-032', 26, '2020-12-13 23:00:00', '2021-01-07 23:00:00', NULL, ''),
('ABC-032', 28, '2020-10-19 22:00:00', '2020-11-11 23:00:00', 'Intéressé', ''),
('ABC-032', 29, '2020-12-03 23:00:00', '2020-12-08 23:00:00', 'Demande réflexion', ''),
('ABC-032', 30, '2020-05-12 22:00:00', '2020-06-11 22:00:00', 'Pas intéressé', ''),
('ABC-033', 1, '2020-06-27 22:00:00', '2020-07-02 22:00:00', 'Pas intéressé', ''),
('ABC-033', 3, '2020-07-08 22:00:00', '2020-07-11 22:00:00', NULL, ''),
('ABC-033', 4, '2020-06-02 22:00:00', '2020-06-12 22:00:00', 'Pas intéressé', ''),
('ABC-033', 4, '2020-07-29 22:00:00', '2020-08-06 22:00:00', NULL, ''),
('ABC-033', 5, '2020-05-04 22:00:00', '2020-05-14 22:00:00', 'Demande réflexion', ''),
('ABC-033', 5, '2020-12-10 23:00:00', '2020-12-12 23:00:00', 'Pas intéressé', ''),
('ABC-033', 7, '2020-10-07 22:00:00', '2020-10-28 23:00:00', 'Demande réflexion', ''),
('ABC-033', 8, '2020-01-18 23:00:00', '2020-02-11 23:00:00', NULL, ''),
('ABC-033', 8, '2020-02-02 23:00:00', '2020-02-27 23:00:00', 'Demande réflexion', ''),
('ABC-033', 8, '2020-06-12 22:00:00', '2020-06-24 22:00:00', 'Pas intéressé', ''),
('ABC-033', 9, '2020-12-03 23:00:00', '2020-12-29 23:00:00', NULL, ''),
('ABC-033', 10, '2020-01-09 23:00:00', '2020-01-18 23:00:00', 'Pas intéressé', ''),
('ABC-033', 10, '2020-11-28 23:00:00', '2020-12-21 23:00:00', NULL, ''),
('ABC-033', 11, '2020-08-04 22:00:00', '2020-08-08 22:00:00', 'Demande réflexion', ''),
('ABC-033', 14, '2020-01-18 23:00:00', '2020-01-29 23:00:00', 'Demande réflexion', ''),
('ABC-033', 14, '2020-08-07 22:00:00', '2020-08-12 22:00:00', 'Demande réflexion', ''),
('ABC-033', 14, '2020-09-30 22:00:00', '2020-10-23 22:00:00', 'Intéressé', ''),
('ABC-033', 15, '2020-07-23 22:00:00', '2020-07-28 22:00:00', 'Pas intéressé', ''),
('ABC-033', 15, '2020-10-04 22:00:00', '2020-10-28 23:00:00', 'Pas intéressé', ''),
('ABC-033', 15, '2020-10-30 23:00:00', '2020-11-08 23:00:00', 'Pas intéressé', ''),
('ABC-033', 17, '2020-03-13 23:00:00', '2020-03-31 22:00:00', 'Pas intéressé', ''),
('ABC-033', 17, '2020-04-03 22:00:00', '2020-05-01 22:00:00', NULL, ''),
('ABC-033', 17, '2020-09-04 22:00:00', '2020-09-19 22:00:00', 'Demande réflexion', ''),
('ABC-033', 17, '2020-12-16 23:00:00', '2020-12-19 23:00:00', 'Demande réflexion', ''),
('ABC-033', 18, '2020-04-05 22:00:00', '2020-04-17 22:00:00', NULL, ''),
('ABC-033', 18, '2020-05-19 22:00:00', '2020-05-26 22:00:00', NULL, ''),
('ABC-033', 20, '2020-09-22 22:00:00', '2020-10-09 22:00:00', 'Demande réflexion', ''),
('ABC-033', 20, '2020-11-21 23:00:00', '2020-11-28 23:00:00', 'Intéressé', ''),
('ABC-033', 21, '2020-02-01 23:00:00', '2020-03-02 23:00:00', 'Intéressé', ''),
('ABC-033', 21, '2020-11-14 23:00:00', '2020-11-24 23:00:00', 'Intéressé', ''),
('ABC-033', 24, '2020-05-28 22:00:00', '2020-06-25 22:00:00', 'Intéressé', ''),
('ABC-033', 26, '2020-03-10 23:00:00', '2020-03-17 23:00:00', 'Intéressé', ''),
('ABC-033', 26, '2020-04-05 22:00:00', '2020-04-30 22:00:00', 'Pas intéressé', ''),
('ABC-033', 27, '2020-01-01 23:00:00', '2020-01-13 23:00:00', NULL, ''),
('ABC-033', 27, '2020-12-25 23:00:00', '2020-12-30 23:00:00', 'Demande réflexion', ''),
('ABC-033', 28, '2020-09-13 22:00:00', '2020-10-13 22:00:00', 'Demande réflexion', ''),
('ABC-033', 28, '2020-11-23 23:00:00', '2020-12-18 23:00:00', 'Demande réflexion', ''),
('ABC-033', 29, '2020-05-29 22:00:00', '2020-06-14 22:00:00', 'Demande réflexion', ''),
('ABC-033', 29, '2020-07-16 22:00:00', '2020-08-03 22:00:00', 'Demande réflexion', ''),
('ABC-034', 2, '2020-07-16 22:00:00', '2020-07-26 22:00:00', 'Pas intéressé', ''),
('ABC-034', 3, '2020-04-07 22:00:00', '2020-04-20 22:00:00', NULL, ''),
('ABC-034', 3, '2020-04-21 22:00:00', '2020-05-10 22:00:00', 'Intéressé', ''),
('ABC-034', 3, '2020-08-05 22:00:00', '2020-08-14 22:00:00', 'Pas intéressé', ''),
('ABC-034', 3, '2020-09-13 22:00:00', '2020-09-26 22:00:00', 'Pas intéressé', ''),
('ABC-034', 4, '2020-05-03 22:00:00', '2020-05-28 22:00:00', 'Intéressé', ''),
('ABC-034', 4, '2020-09-03 22:00:00', '2020-09-28 22:00:00', 'Pas intéressé', ''),
('ABC-034', 5, '2020-05-16 22:00:00', '2020-05-17 22:00:00', 'Demande réflexion', ''),
('ABC-034', 6, '2020-04-11 22:00:00', '2020-04-15 22:00:00', 'Demande réflexion', ''),
('ABC-034', 6, '2020-12-15 23:00:00', '2021-01-06 23:00:00', 'Demande réflexion', ''),
('ABC-034', 7, '2020-03-04 23:00:00', '2020-03-27 23:00:00', 'Demande réflexion', ''),
('ABC-034', 8, '2020-03-21 23:00:00', '2020-03-31 22:00:00', 'Pas intéressé', ''),
('ABC-034', 9, '2020-12-19 23:00:00', '2020-12-28 23:00:00', 'Intéressé', ''),
('ABC-034', 11, '2020-09-30 22:00:00', '2020-10-14 22:00:00', 'Demande réflexion', ''),
('ABC-034', 13, '2020-05-17 22:00:00', '2020-06-02 22:00:00', 'Pas intéressé', ''),
('ABC-034', 13, '2020-11-25 23:00:00', '2020-12-15 23:00:00', NULL, ''),
('ABC-034', 15, '2020-02-26 23:00:00', '2020-03-27 23:00:00', 'Intéressé', ''),
('ABC-034', 15, '2020-06-28 22:00:00', '2020-07-27 22:00:00', 'Pas intéressé', ''),
('ABC-034', 16, '2020-10-20 22:00:00', '2020-11-19 23:00:00', 'Intéressé', ''),
('ABC-034', 18, '2020-01-10 23:00:00', '2020-02-04 23:00:00', NULL, ''),
('ABC-034', 18, '2020-11-02 23:00:00', '2020-11-28 23:00:00', 'Intéressé', ''),
('ABC-034', 20, '2020-06-21 22:00:00', '2020-07-01 22:00:00', 'Intéressé', ''),
('ABC-034', 23, '2020-02-04 23:00:00', '2020-02-06 23:00:00', 'Demande réflexion', ''),
('ABC-034', 23, '2020-12-11 23:00:00', '2021-01-09 23:00:00', 'Demande réflexion', ''),
('ABC-034', 24, '2020-05-13 22:00:00', '2020-05-26 22:00:00', 'Intéressé', ''),
('ABC-034', 24, '2020-12-30 23:00:00', '2021-01-10 23:00:00', NULL, ''),
('ABC-034', 25, '2020-02-16 23:00:00', '2020-02-21 23:00:00', NULL, ''),
('ABC-034', 25, '2020-06-20 22:00:00', '2020-07-09 22:00:00', 'Intéressé', ''),
('ABC-034', 25, '2020-11-07 23:00:00', '2020-11-28 23:00:00', NULL, ''),
('ABC-034', 26, '2020-05-26 22:00:00', '2020-06-16 22:00:00', NULL, ''),
('ABC-034', 29, '2020-08-21 22:00:00', '2020-09-05 22:00:00', 'Intéressé', ''),
('ABC-034', 30, '2020-02-23 23:00:00', '2020-03-08 23:00:00', 'Intéressé', ''),
('ABC-034', 32, '2020-09-21 22:00:00', '2020-10-02 22:00:00', 'Pas intéressé', ''),
('ABC-034', 32, '2020-10-05 22:00:00', '2020-10-26 23:00:00', NULL, ''),
('ABC-034', 33, '2020-05-15 22:00:00', '2020-05-16 22:00:00', NULL, ''),
('ABC-034', 33, '2020-06-16 22:00:00', '2020-06-18 22:00:00', 'Pas intéressé', ''),
('ABC-034', 33, '2020-11-11 23:00:00', '2020-11-23 23:00:00', 'Intéressé', ''),
('ABC-035', 5, '2020-12-13 23:00:00', '2020-12-21 23:00:00', 'Demande réflexion', ''),
('ABC-035', 8, '2020-05-14 22:00:00', '2020-06-05 22:00:00', NULL, ''),
('ABC-035', 8, '2020-08-20 22:00:00', '2020-09-05 22:00:00', 'Intéressé', ''),
('ABC-035', 10, '2020-01-09 23:00:00', '2020-01-21 23:00:00', 'Pas intéressé', ''),
('ABC-035', 12, '2020-04-05 22:00:00', '2020-04-16 22:00:00', 'Pas intéressé', ''),
('ABC-035', 12, '2020-06-24 22:00:00', '2020-07-09 22:00:00', 'Pas intéressé', ''),
('ABC-035', 12, '2020-08-05 22:00:00', '2020-08-18 22:00:00', 'Demande réflexion', ''),
('ABC-035', 12, '2020-10-12 22:00:00', '2020-10-23 22:00:00', 'Pas intéressé', ''),
('ABC-035', 13, '2020-09-24 22:00:00', '2020-10-06 22:00:00', 'Intéressé', ''),
('ABC-035', 15, '2020-07-10 22:00:00', '2020-07-21 22:00:00', 'Demande réflexion', ''),
('ABC-035', 15, '2020-08-31 22:00:00', '2020-09-06 22:00:00', 'Demande réflexion', ''),
('ABC-035', 15, '2020-09-11 22:00:00', '2020-09-29 22:00:00', 'Pas intéressé', ''),
('ABC-035', 15, '2020-12-27 23:00:00', '2021-01-06 23:00:00', NULL, ''),
('ABC-035', 16, '2020-01-13 23:00:00', '2020-01-17 23:00:00', 'Intéressé', ''),
('ABC-035', 16, '2020-12-25 23:00:00', '2021-01-15 23:00:00', NULL, ''),
('ABC-035', 17, '2020-07-20 22:00:00', '2020-08-14 22:00:00', 'Intéressé', ''),
('ABC-035', 18, '2020-01-30 23:00:00', '2020-02-03 23:00:00', 'Pas intéressé', ''),
('ABC-035', 18, '2020-11-01 23:00:00', '2020-11-12 23:00:00', 'Demande réflexion', ''),
('ABC-035', 19, '2020-08-11 22:00:00', '2020-08-29 22:00:00', 'Demande réflexion', ''),
('ABC-035', 20, '2020-03-14 23:00:00', '2020-04-09 22:00:00', 'Demande réflexion', ''),
('ABC-035', 20, '2020-04-26 22:00:00', '2020-05-13 22:00:00', 'Pas intéressé', ''),
('ABC-035', 20, '2020-11-01 23:00:00', '2020-11-06 23:00:00', 'Demande réflexion', ''),
('ABC-035', 21, '2020-04-14 22:00:00', '2020-04-24 22:00:00', 'Demande réflexion', ''),
('ABC-035', 21, '2020-12-07 23:00:00', '2021-01-02 23:00:00', NULL, ''),
('ABC-035', 23, '2020-02-23 23:00:00', '2020-02-27 23:00:00', 'Demande réflexion', ''),
('ABC-035', 23, '2020-05-31 22:00:00', '2020-06-25 22:00:00', 'Intéressé', ''),
('ABC-035', 23, '2020-06-07 22:00:00', '2020-06-13 22:00:00', NULL, ''),
('ABC-035', 23, '2020-12-07 23:00:00', '2020-12-28 23:00:00', NULL, ''),
('ABC-035', 24, '2020-03-07 23:00:00', '2020-03-19 23:00:00', 'Intéressé', ''),
('ABC-035', 25, '2020-10-28 23:00:00', '2020-11-07 23:00:00', 'Demande réflexion', ''),
('ABC-035', 27, '2020-07-07 22:00:00', '2020-08-06 22:00:00', NULL, ''),
('ABC-035', 27, '2020-12-05 23:00:00', '2020-12-28 23:00:00', 'Demande réflexion', ''),
('ABC-035', 28, '2020-05-05 22:00:00', '2020-05-09 22:00:00', 'Demande réflexion', ''),
('ABC-035', 32, '2020-04-01 22:00:00', '2020-04-26 22:00:00', 'Demande réflexion', ''),
('ABC-035', 32, '2020-06-12 22:00:00', '2020-07-08 22:00:00', NULL, ''),
('ABC-036', 1, '2020-01-18 23:00:00', '2020-02-07 23:00:00', 'Demande réflexion', ''),
('ABC-036', 1, '2020-02-10 23:00:00', '2020-03-03 23:00:00', NULL, ''),
('ABC-036', 1, '2020-12-07 23:00:00', '2020-12-29 23:00:00', 'Pas intéressé', ''),
('ABC-036', 2, '2020-03-09 23:00:00', '2020-03-25 23:00:00', 'Pas intéressé', ''),
('ABC-036', 2, '2020-03-21 23:00:00', '2020-04-05 22:00:00', 'Intéressé', ''),
('ABC-036', 2, '2020-04-07 22:00:00', '2020-05-04 22:00:00', NULL, ''),
('ABC-036', 2, '2020-08-24 22:00:00', '2020-09-02 22:00:00', 'Pas intéressé', ''),
('ABC-036', 4, '2020-12-08 23:00:00', '2020-12-16 23:00:00', 'Pas intéressé', ''),
('ABC-036', 6, '2020-05-29 22:00:00', '2020-06-12 22:00:00', NULL, ''),
('ABC-036', 6, '2020-12-03 23:00:00', '2020-12-13 23:00:00', 'Intéressé', ''),
('ABC-036', 7, '2020-01-12 23:00:00', '2020-02-11 23:00:00', 'Intéressé', ''),
('ABC-036', 7, '2020-04-13 22:00:00', '2020-05-05 22:00:00', 'Pas intéressé', ''),
('ABC-036', 8, '2020-03-07 23:00:00', '2020-03-12 23:00:00', 'Pas intéressé', ''),
('ABC-036', 12, '2020-10-07 22:00:00', '2020-10-28 23:00:00', 'Pas intéressé', ''),
('ABC-036', 14, '2020-12-19 23:00:00', '2021-01-10 23:00:00', 'Intéressé', ''),
('ABC-036', 15, '2020-11-03 23:00:00', '2020-11-17 23:00:00', 'Intéressé', ''),
('ABC-036', 17, '2020-02-04 23:00:00', '2020-02-18 23:00:00', 'Intéressé', ''),
('ABC-036', 18, '2020-08-27 22:00:00', '2020-09-08 22:00:00', 'Pas intéressé', ''),
('ABC-036', 20, '2020-02-28 23:00:00', '2020-03-27 23:00:00', 'Demande réflexion', ''),
('ABC-036', 21, '2020-03-31 22:00:00', '2020-04-16 22:00:00', NULL, ''),
('ABC-036', 21, '2020-04-10 22:00:00', '2020-04-16 22:00:00', 'Intéressé', ''),
('ABC-036', 21, '2020-09-03 22:00:00', '2020-09-21 22:00:00', 'Demande réflexion', ''),
('ABC-036', 23, '2020-02-20 23:00:00', '2020-03-15 23:00:00', 'Intéressé', ''),
('ABC-036', 24, '2020-07-01 22:00:00', '2020-07-18 22:00:00', 'Intéressé', ''),
('ABC-036', 25, '2020-02-28 23:00:00', '2020-03-17 23:00:00', 'Demande réflexion', ''),
('ABC-036', 25, '2020-12-27 23:00:00', '2021-01-09 23:00:00', 'Demande réflexion', ''),
('ABC-036', 26, '2020-06-07 22:00:00', '2020-06-21 22:00:00', 'Intéressé', ''),
('ABC-036', 26, '2020-11-28 23:00:00', '2020-12-12 23:00:00', 'Intéressé', ''),
('ABC-036', 29, '2020-11-09 23:00:00', '2020-12-03 23:00:00', 'Pas intéressé', ''),
('ABC-036', 29, '2020-11-13 23:00:00', '2020-12-12 23:00:00', 'Pas intéressé', ''),
('ABC-036', 30, '2020-05-28 22:00:00', '2020-06-17 22:00:00', 'Intéressé', ''),
('ABC-036', 30, '2020-11-09 23:00:00', '2020-11-27 23:00:00', 'Demande réflexion', ''),
('ABC-036', 32, '2020-01-05 23:00:00', '2020-01-24 23:00:00', 'Pas intéressé', ''),
('ABC-036', 32, '2020-03-21 23:00:00', '2020-04-06 22:00:00', 'Demande réflexion', ''),
('ABC-036', 32, '2020-06-15 22:00:00', '2020-06-17 22:00:00', 'Pas intéressé', ''),
('ABC-036', 33, '2020-06-04 22:00:00', '2020-07-04 22:00:00', 'Demande réflexion', ''),
('ABC-037', 1, '2020-08-22 22:00:00', '2020-09-18 22:00:00', 'Pas intéressé', ''),
('ABC-037', 4, '2020-03-12 23:00:00', '2020-04-10 22:00:00', 'Pas intéressé', ''),
('ABC-037', 4, '2020-10-09 22:00:00', '2020-10-25 22:00:00', 'Pas intéressé', ''),
('ABC-037', 10, '2020-12-11 23:00:00', '2020-12-31 23:00:00', 'Pas intéressé', ''),
('ABC-037', 11, '2020-08-31 22:00:00', '2020-09-19 22:00:00', 'Intéressé', ''),
('ABC-037', 13, '2020-12-10 23:00:00', '2020-12-27 23:00:00', NULL, ''),
('ABC-037', 14, '2020-12-05 23:00:00', '2020-12-25 23:00:00', NULL, ''),
('ABC-037', 15, '2020-10-28 23:00:00', '2020-11-22 23:00:00', NULL, ''),
('ABC-037', 16, '2020-12-28 23:00:00', '2021-01-10 23:00:00', 'Intéressé', ''),
('ABC-037', 17, '2020-08-31 22:00:00', '2020-09-14 22:00:00', 'Intéressé', ''),
('ABC-037', 24, '2020-02-17 23:00:00', '2020-03-02 23:00:00', 'Intéressé', ''),
('ABC-037', 26, '2020-11-09 23:00:00', '2020-12-07 23:00:00', 'Demande réflexion', ''),
('ABC-037', 28, '2020-07-29 22:00:00', '2020-08-05 22:00:00', 'Pas intéressé', ''),
('ABC-037', 28, '2020-12-07 23:00:00', '2020-12-13 23:00:00', NULL, ''),
('ABC-037', 28, '2020-12-21 23:00:00', '2021-01-04 23:00:00', 'Pas intéressé', ''),
('ABC-037', 29, '2020-10-14 22:00:00', '2020-10-22 22:00:00', 'Pas intéressé', ''),
('ABC-037', 29, '2020-12-24 23:00:00', '2021-01-19 23:00:00', 'Intéressé', ''),
('ABC-037', 30, '2020-05-04 22:00:00', '2020-05-29 22:00:00', NULL, ''),
('ABC-037', 30, '2020-07-06 22:00:00', '2020-08-02 22:00:00', 'Demande réflexion', ''),
('ABC-037', 32, '2020-05-08 22:00:00', '2020-06-04 22:00:00', NULL, '');
INSERT INTO `visites` (`NumeroBien`, `NumeroClient`, `DateVisite`, `Prochaincontact`, `Interet`, `Remarques`) VALUES
('ABC-038', 3, '2020-05-26 22:00:00', '2020-06-09 22:00:00', 'Pas intéressé', ''),
('ABC-038', 4, '2020-01-21 23:00:00', '2020-02-18 23:00:00', 'Intéressé', ''),
('ABC-038', 4, '2020-12-07 23:00:00', '2021-01-06 23:00:00', NULL, ''),
('ABC-038', 5, '2020-11-25 23:00:00', '2020-12-10 23:00:00', 'Intéressé', ''),
('ABC-038', 6, '2020-03-14 23:00:00', '2020-03-20 23:00:00', NULL, ''),
('ABC-038', 6, '2020-09-01 22:00:00', '2020-09-17 22:00:00', 'Intéressé', ''),
('ABC-038', 9, '2020-03-20 23:00:00', '2020-04-15 22:00:00', 'Intéressé', ''),
('ABC-038', 11, '2020-06-14 22:00:00', '2020-07-08 22:00:00', 'Demande réflexion', ''),
('ABC-038', 12, '2020-01-25 23:00:00', '2020-01-30 23:00:00', 'Pas intéressé', ''),
('ABC-038', 13, '2020-01-31 23:00:00', '2020-02-08 23:00:00', 'Intéressé', ''),
('ABC-038', 13, '2020-04-04 22:00:00', '2020-04-24 22:00:00', 'Pas intéressé', ''),
('ABC-038', 14, '2020-05-16 22:00:00', '2020-05-25 22:00:00', 'Intéressé', ''),
('ABC-038', 21, '2020-01-16 23:00:00', '2020-01-24 23:00:00', NULL, ''),
('ABC-038', 21, '2020-06-15 22:00:00', '2020-07-04 22:00:00', 'Intéressé', ''),
('ABC-038', 21, '2020-08-30 22:00:00', '2020-09-19 22:00:00', 'Demande réflexion', ''),
('ABC-038', 23, '2020-07-24 22:00:00', '2020-07-26 22:00:00', 'Intéressé', ''),
('ABC-038', 24, '2020-02-11 23:00:00', '2020-02-21 23:00:00', 'Pas intéressé', ''),
('ABC-038', 25, '2020-01-04 23:00:00', '2020-01-05 23:00:00', 'Demande réflexion', ''),
('ABC-038', 25, '2020-12-03 23:00:00', '2020-12-24 23:00:00', NULL, ''),
('ABC-038', 26, '2020-11-09 23:00:00', '2020-11-25 23:00:00', 'Intéressé', ''),
('ABC-038', 27, '2020-01-20 23:00:00', '2020-02-03 23:00:00', 'Demande réflexion', ''),
('ABC-038', 28, '2020-03-27 22:00:00', '2020-04-18 22:00:00', 'Demande réflexion', ''),
('ABC-038', 28, '2020-05-09 22:00:00', '2020-05-31 22:00:00', 'Pas intéressé', ''),
('ABC-038', 28, '2020-09-22 22:00:00', '2020-10-09 22:00:00', 'Demande réflexion', ''),
('ABC-038', 30, '2020-10-22 22:00:00', '2020-11-18 23:00:00', 'Intéressé', ''),
('ABC-038', 30, '2020-11-22 23:00:00', '2020-12-16 23:00:00', NULL, ''),
('ABC-039', 1, '2020-01-15 23:00:00', '2020-02-05 23:00:00', 'Pas intéressé', ''),
('ABC-039', 1, '2020-01-22 23:00:00', '2020-02-06 23:00:00', NULL, ''),
('ABC-039', 2, '2020-04-29 22:00:00', '2020-05-04 22:00:00', 'Demande réflexion', ''),
('ABC-039', 3, '2020-01-16 23:00:00', '2020-02-05 23:00:00', 'Demande réflexion', ''),
('ABC-039', 3, '2020-04-22 22:00:00', '2020-05-06 22:00:00', 'Pas intéressé', ''),
('ABC-039', 3, '2020-08-22 22:00:00', '2020-09-19 22:00:00', 'Pas intéressé', ''),
('ABC-039', 4, '2020-10-31 23:00:00', '2020-11-22 23:00:00', 'Demande réflexion', ''),
('ABC-039', 5, '2020-12-17 23:00:00', '2021-01-06 23:00:00', 'Pas intéressé', ''),
('ABC-039', 6, '2020-05-24 22:00:00', '2020-06-09 22:00:00', 'Intéressé', ''),
('ABC-039', 7, '2020-02-25 23:00:00', '2020-03-23 23:00:00', NULL, ''),
('ABC-039', 8, '2020-12-21 23:00:00', '2021-01-06 23:00:00', 'Demande réflexion', ''),
('ABC-039', 10, '2020-05-19 22:00:00', '2020-05-26 22:00:00', 'Pas intéressé', ''),
('ABC-039', 11, '2020-05-24 22:00:00', '2020-06-01 22:00:00', 'Demande réflexion', ''),
('ABC-039', 11, '2020-10-04 22:00:00', '2020-10-07 22:00:00', 'Intéressé', ''),
('ABC-039', 12, '2020-07-10 22:00:00', '2020-08-03 22:00:00', 'Demande réflexion', ''),
('ABC-039', 12, '2020-10-31 23:00:00', '2020-11-29 23:00:00', 'Demande réflexion', ''),
('ABC-039', 14, '2020-04-24 22:00:00', '2020-05-04 22:00:00', 'Intéressé', ''),
('ABC-039', 16, '2020-06-06 22:00:00', '2020-06-20 22:00:00', 'Demande réflexion', ''),
('ABC-039', 17, '2020-03-30 22:00:00', '2020-04-13 22:00:00', 'Pas intéressé', ''),
('ABC-039', 18, '2020-06-21 22:00:00', '2020-07-12 22:00:00', 'Pas intéressé', ''),
('ABC-039', 19, '2020-02-26 23:00:00', '2020-03-26 23:00:00', 'Intéressé', ''),
('ABC-039', 20, '2020-01-16 23:00:00', '2020-02-04 23:00:00', NULL, ''),
('ABC-039', 20, '2020-01-20 23:00:00', '2020-02-18 23:00:00', NULL, ''),
('ABC-039', 20, '2020-11-22 23:00:00', '2020-12-20 23:00:00', 'Intéressé', ''),
('ABC-039', 23, '2020-03-18 23:00:00', '2020-03-23 23:00:00', 'Intéressé', ''),
('ABC-039', 23, '2020-04-23 22:00:00', '2020-05-05 22:00:00', 'Demande réflexion', ''),
('ABC-039', 28, '2020-03-27 22:00:00', '2020-04-08 22:00:00', 'Pas intéressé', ''),
('ABC-039', 29, '2020-01-27 23:00:00', '2020-02-01 23:00:00', 'Intéressé', ''),
('ABC-039', 29, '2020-08-24 22:00:00', '2020-08-30 22:00:00', 'Demande réflexion', ''),
('ABC-039', 30, '2020-10-29 23:00:00', '2020-11-23 23:00:00', 'Pas intéressé', ''),
('ABC-039', 32, '2020-09-11 22:00:00', '2020-09-14 22:00:00', 'Pas intéressé', ''),
('ABC-039', 33, '2020-06-20 22:00:00', '2020-06-24 22:00:00', NULL, ''),
('ABC-040', 3, '2020-08-07 22:00:00', '2020-09-01 22:00:00', 'Intéressé', ''),
('ABC-040', 3, '2020-11-23 23:00:00', '2020-11-27 23:00:00', NULL, ''),
('ABC-040', 4, '2020-10-13 22:00:00', '2020-11-10 23:00:00', NULL, ''),
('ABC-040', 5, '2020-04-03 22:00:00', '2020-04-11 22:00:00', 'Pas intéressé', ''),
('ABC-040', 5, '2020-12-05 23:00:00', '2020-12-12 23:00:00', NULL, ''),
('ABC-040', 8, '2020-06-03 22:00:00', '2020-06-10 22:00:00', 'Pas intéressé', ''),
('ABC-040', 9, '2020-02-19 23:00:00', '2020-03-19 23:00:00', 'Intéressé', ''),
('ABC-040', 9, '2020-11-20 23:00:00', '2020-11-29 23:00:00', 'Demande réflexion', ''),
('ABC-040', 10, '2020-04-03 22:00:00', '2020-04-06 22:00:00', 'Demande réflexion', ''),
('ABC-040', 11, '2020-10-12 22:00:00', '2020-10-15 22:00:00', 'Intéressé', ''),
('ABC-040', 11, '2020-11-08 23:00:00', '2020-11-25 23:00:00', 'Demande réflexion', ''),
('ABC-040', 14, '2020-03-12 23:00:00', '2020-04-09 22:00:00', NULL, ''),
('ABC-040', 14, '2020-03-20 23:00:00', '2020-04-17 22:00:00', 'Pas intéressé', ''),
('ABC-040', 16, '2020-12-07 23:00:00', '2020-12-26 23:00:00', 'Pas intéressé', ''),
('ABC-040', 18, '2020-05-02 22:00:00', '2020-05-23 22:00:00', 'Pas intéressé', ''),
('ABC-040', 19, '2020-09-21 22:00:00', '2020-09-28 22:00:00', 'Demande réflexion', ''),
('ABC-040', 21, '2020-06-24 22:00:00', '2020-07-16 22:00:00', 'Demande réflexion', ''),
('ABC-040', 22, '2020-02-27 23:00:00', '2020-03-10 23:00:00', NULL, ''),
('ABC-040', 22, '2020-09-11 22:00:00', '2020-09-12 22:00:00', 'Intéressé', ''),
('ABC-040', 23, '2020-07-09 22:00:00', '2020-07-18 22:00:00', 'Demande réflexion', ''),
('ABC-040', 24, '2020-08-16 22:00:00', '2020-09-13 22:00:00', 'Pas intéressé', ''),
('ABC-040', 24, '2020-10-17 22:00:00', '2020-10-22 22:00:00', 'Intéressé', ''),
('ABC-040', 25, '2020-04-20 22:00:00', '2020-04-27 22:00:00', 'Pas intéressé', ''),
('ABC-040', 25, '2020-05-12 22:00:00', '2020-05-28 22:00:00', NULL, ''),
('ABC-040', 25, '2020-07-04 22:00:00', '2020-07-30 22:00:00', NULL, ''),
('ABC-040', 26, '2020-01-05 23:00:00', '2020-01-20 23:00:00', 'Pas intéressé', ''),
('ABC-040', 26, '2020-04-06 22:00:00', '2020-04-29 22:00:00', 'Intéressé', ''),
('ABC-040', 26, '2020-08-04 22:00:00', '2020-08-22 22:00:00', NULL, ''),
('ABC-040', 26, '2020-08-14 22:00:00', '2020-09-08 22:00:00', NULL, ''),
('ABC-040', 27, '2020-06-20 22:00:00', '2020-07-14 22:00:00', 'Demande réflexion', ''),
('ABC-040', 27, '2020-06-27 22:00:00', '2020-07-01 22:00:00', NULL, ''),
('ABC-040', 27, '2020-11-02 23:00:00', '2020-11-18 23:00:00', 'Intéressé', ''),
('ABC-040', 28, '2020-09-19 22:00:00', '2020-09-20 22:00:00', NULL, ''),
('ABC-040', 29, '2020-01-22 23:00:00', '2020-02-17 23:00:00', 'Pas intéressé', ''),
('ABC-040', 32, '2020-08-10 22:00:00', '2020-08-30 22:00:00', NULL, ''),
('ABC-040', 32, '2020-10-29 23:00:00', '2020-11-05 23:00:00', 'Pas intéressé', ''),
('ABC-040', 33, '2020-05-20 22:00:00', '2020-06-04 22:00:00', 'Intéressé', ''),
('ABC-041', 1, '2020-05-25 22:00:00', '2020-06-14 22:00:00', 'Intéressé', ''),
('ABC-041', 2, '2020-08-12 22:00:00', '2020-09-05 22:00:00', NULL, ''),
('ABC-041', 2, '2020-10-28 23:00:00', '2020-11-15 23:00:00', 'Pas intéressé', ''),
('ABC-041', 3, '2020-07-24 22:00:00', '2020-08-17 22:00:00', 'Demande réflexion', ''),
('ABC-041', 3, '2020-08-26 22:00:00', '2020-08-28 22:00:00', 'Demande réflexion', ''),
('ABC-041', 4, '2020-08-09 22:00:00', '2020-08-19 22:00:00', 'Intéressé', ''),
('ABC-041', 5, '2020-06-16 22:00:00', '2020-07-02 22:00:00', NULL, ''),
('ABC-041', 5, '2020-10-26 22:00:00', '2020-11-06 23:00:00', 'Intéressé', ''),
('ABC-041', 6, '2020-01-01 23:00:00', '2020-01-24 23:00:00', 'Demande réflexion', ''),
('ABC-041', 7, '2020-03-17 23:00:00', '2020-04-07 22:00:00', 'Pas intéressé', ''),
('ABC-041', 8, '2020-06-03 22:00:00', '2020-06-30 22:00:00', 'Intéressé', ''),
('ABC-041', 9, '2020-05-27 22:00:00', '2020-05-30 22:00:00', 'Intéressé', ''),
('ABC-041', 10, '2020-08-09 22:00:00', '2020-08-17 22:00:00', 'Pas intéressé', ''),
('ABC-041', 11, '2020-02-25 23:00:00', '2020-03-20 23:00:00', NULL, ''),
('ABC-041', 11, '2020-07-30 22:00:00', '2020-08-27 22:00:00', NULL, ''),
('ABC-041', 13, '2020-06-04 22:00:00', '2020-06-24 22:00:00', 'Pas intéressé', ''),
('ABC-041', 13, '2020-08-03 22:00:00', '2020-08-07 22:00:00', 'Demande réflexion', ''),
('ABC-041', 13, '2020-12-26 23:00:00', '2021-01-05 23:00:00', 'Intéressé', ''),
('ABC-041', 17, '2020-08-03 22:00:00', '2020-08-25 22:00:00', 'Intéressé', ''),
('ABC-041', 18, '2020-09-22 22:00:00', '2020-10-07 22:00:00', NULL, ''),
('ABC-041', 18, '2020-10-18 22:00:00', '2020-11-11 23:00:00', 'Pas intéressé', ''),
('ABC-041', 19, '2020-10-29 23:00:00', '2020-11-27 23:00:00', NULL, ''),
('ABC-041', 19, '2020-11-20 23:00:00', '2020-12-12 23:00:00', 'Pas intéressé', ''),
('ABC-041', 20, '2020-01-08 23:00:00', '2020-02-05 23:00:00', 'Pas intéressé', ''),
('ABC-041', 21, '2020-08-27 22:00:00', '2020-09-15 22:00:00', 'Intéressé', ''),
('ABC-041', 22, '2020-11-04 23:00:00', '2020-11-17 23:00:00', 'Intéressé', ''),
('ABC-041', 23, '2020-10-15 22:00:00', '2020-11-09 23:00:00', 'Intéressé', ''),
('ABC-041', 25, '2020-11-04 23:00:00', '2020-11-22 23:00:00', NULL, ''),
('ABC-041', 29, '2020-03-27 22:00:00', '2020-04-16 22:00:00', 'Intéressé', ''),
('ABC-041', 29, '2020-05-02 22:00:00', '2020-05-24 22:00:00', 'Intéressé', ''),
('ABC-041', 32, '2020-09-20 22:00:00', '2020-09-22 22:00:00', NULL, ''),
('ABC-041', 33, '2020-08-14 22:00:00', '2020-09-07 22:00:00', 'Pas intéressé', ''),
('ABC-042', 1, '2020-08-19 22:00:00', '2020-09-04 22:00:00', 'Demande réflexion', ''),
('ABC-042', 3, '2020-01-23 23:00:00', '2020-02-01 23:00:00', NULL, ''),
('ABC-042', 3, '2020-09-12 22:00:00', '2020-09-20 22:00:00', 'Intéressé', ''),
('ABC-042', 4, '2020-01-28 23:00:00', '2020-02-23 23:00:00', 'Intéressé', ''),
('ABC-042', 5, '2020-01-05 23:00:00', '2020-01-19 23:00:00', 'Demande réflexion', ''),
('ABC-042', 7, '2020-01-15 23:00:00', '2020-02-05 23:00:00', 'Pas intéressé', ''),
('ABC-042', 9, '2020-03-14 23:00:00', '2020-03-17 23:00:00', 'Pas intéressé', ''),
('ABC-042', 9, '2020-10-25 22:00:00', '2020-11-14 23:00:00', 'Pas intéressé', ''),
('ABC-042', 10, '2020-01-04 23:00:00', '2020-01-15 23:00:00', 'Demande réflexion', ''),
('ABC-042', 10, '2020-05-12 22:00:00', '2020-05-19 22:00:00', NULL, ''),
('ABC-042', 11, '2020-06-26 22:00:00', '2020-07-05 22:00:00', 'Demande réflexion', ''),
('ABC-042', 11, '2020-11-24 23:00:00', '2020-12-22 23:00:00', 'Demande réflexion', ''),
('ABC-042', 13, '2020-10-16 22:00:00', '2020-11-09 23:00:00', 'Demande réflexion', ''),
('ABC-042', 14, '2020-02-01 23:00:00', '2020-02-14 23:00:00', 'Pas intéressé', ''),
('ABC-042', 14, '2020-06-12 22:00:00', '2020-06-27 22:00:00', 'Demande réflexion', ''),
('ABC-042', 16, '2020-01-14 23:00:00', '2020-02-09 23:00:00', 'Demande réflexion', ''),
('ABC-042', 16, '2020-05-22 22:00:00', '2020-06-15 22:00:00', NULL, ''),
('ABC-042', 20, '2020-06-02 22:00:00', '2020-06-22 22:00:00', 'Intéressé', ''),
('ABC-042', 20, '2020-08-07 22:00:00', '2020-08-23 22:00:00', 'Intéressé', ''),
('ABC-042', 21, '2020-02-03 23:00:00', '2020-02-21 23:00:00', 'Demande réflexion', ''),
('ABC-042', 21, '2020-10-06 22:00:00', '2020-10-21 22:00:00', 'Intéressé', ''),
('ABC-042', 24, '2020-09-07 22:00:00', '2020-09-17 22:00:00', NULL, ''),
('ABC-042', 27, '2020-08-04 22:00:00', '2020-08-24 22:00:00', 'Demande réflexion', ''),
('ABC-042', 32, '2020-02-07 23:00:00', '2020-02-11 23:00:00', 'Intéressé', ''),
('ABC-042', 32, '2020-05-11 22:00:00', '2020-05-31 22:00:00', NULL, ''),
('ABC-042', 33, '2020-04-05 22:00:00', '2020-04-29 22:00:00', 'Intéressé', ''),
('ABC-042', 33, '2020-08-15 22:00:00', '2020-09-12 22:00:00', 'Demande réflexion', ''),
('ABC-043', 1, '2020-01-13 23:00:00', '2020-02-10 23:00:00', NULL, ''),
('ABC-043', 1, '2020-12-25 23:00:00', '2021-01-17 23:00:00', 'Demande réflexion', ''),
('ABC-043', 2, '2020-06-07 22:00:00', '2020-06-25 22:00:00', NULL, ''),
('ABC-043', 4, '2020-09-18 22:00:00', '2020-10-05 22:00:00', NULL, ''),
('ABC-043', 7, '2020-12-31 23:00:00', '2021-01-12 23:00:00', 'Intéressé', ''),
('ABC-043', 8, '2020-06-29 22:00:00', '2020-07-04 22:00:00', 'Pas intéressé', ''),
('ABC-043', 11, '2020-04-06 22:00:00', '2020-04-09 22:00:00', NULL, ''),
('ABC-043', 11, '2020-04-26 22:00:00', '2020-05-26 22:00:00', 'Intéressé', ''),
('ABC-043', 11, '2020-08-05 22:00:00', '2020-08-17 22:00:00', 'Intéressé', ''),
('ABC-043', 12, '2020-05-27 22:00:00', '2020-06-20 22:00:00', 'Pas intéressé', ''),
('ABC-043', 13, '2020-03-27 22:00:00', '2020-04-06 22:00:00', 'Intéressé', ''),
('ABC-043', 13, '2020-08-04 22:00:00', '2020-08-12 22:00:00', 'Demande réflexion', ''),
('ABC-043', 13, '2020-09-25 22:00:00', '2020-09-29 22:00:00', 'Pas intéressé', ''),
('ABC-043', 14, '2020-07-15 22:00:00', '2020-08-04 22:00:00', 'Intéressé', ''),
('ABC-043', 15, '2020-01-16 23:00:00', '2020-02-14 23:00:00', 'Pas intéressé', ''),
('ABC-043', 15, '2020-01-30 23:00:00', '2020-02-22 23:00:00', NULL, ''),
('ABC-043', 18, '2020-11-03 23:00:00', '2020-11-09 23:00:00', 'Demande réflexion', ''),
('ABC-043', 20, '2020-12-19 23:00:00', '2021-01-14 23:00:00', 'Pas intéressé', ''),
('ABC-043', 21, '2020-02-04 23:00:00', '2020-02-05 23:00:00', 'Pas intéressé', ''),
('ABC-043', 23, '2020-01-21 23:00:00', '2020-02-15 23:00:00', 'Intéressé', ''),
('ABC-043', 24, '2020-06-09 22:00:00', '2020-06-21 22:00:00', 'Demande réflexion', ''),
('ABC-043', 25, '2020-05-04 22:00:00', '2020-05-09 22:00:00', 'Pas intéressé', ''),
('ABC-043', 25, '2020-11-09 23:00:00', '2020-11-30 23:00:00', 'Demande réflexion', ''),
('ABC-043', 25, '2020-12-03 23:00:00', '2020-12-28 23:00:00', 'Intéressé', ''),
('ABC-043', 25, '2020-12-20 23:00:00', '2020-12-27 23:00:00', NULL, ''),
('ABC-043', 26, '2020-02-12 23:00:00', '2020-03-09 23:00:00', 'Demande réflexion', ''),
('ABC-043', 26, '2020-03-24 23:00:00', '2020-03-27 23:00:00', 'Demande réflexion', ''),
('ABC-043', 26, '2020-04-08 22:00:00', '2020-05-06 22:00:00', 'Intéressé', ''),
('ABC-043', 26, '2020-07-30 22:00:00', '2020-08-27 22:00:00', NULL, ''),
('ABC-043', 27, '2020-07-05 22:00:00', '2020-07-21 22:00:00', 'Pas intéressé', ''),
('ABC-043', 27, '2020-10-20 22:00:00', '2020-10-30 23:00:00', 'Demande réflexion', ''),
('ABC-043', 28, '2020-03-03 23:00:00', '2020-03-10 23:00:00', 'Intéressé', ''),
('ABC-043', 28, '2020-04-03 22:00:00', '2020-04-14 22:00:00', NULL, ''),
('ABC-043', 29, '2020-09-29 22:00:00', '2020-10-02 22:00:00', NULL, ''),
('ABC-043', 33, '2020-03-01 23:00:00', '2020-03-19 23:00:00', 'Pas intéressé', ''),
('ABC-043', 33, '2020-03-12 23:00:00', '2020-03-15 23:00:00', 'Pas intéressé', ''),
('ABC-043', 33, '2020-11-19 23:00:00', '2020-12-12 23:00:00', NULL, ''),
('ABC-044', 1, '2020-01-02 23:00:00', '2020-01-30 23:00:00', 'Pas intéressé', ''),
('ABC-044', 2, '2020-03-23 23:00:00', '2020-04-07 22:00:00', 'Pas intéressé', ''),
('ABC-044', 2, '2020-04-02 22:00:00', '2020-04-23 22:00:00', 'Intéressé', ''),
('ABC-044', 2, '2020-11-21 23:00:00', '2020-11-24 23:00:00', NULL, ''),
('ABC-044', 3, '2020-07-05 22:00:00', '2020-07-21 22:00:00', 'Pas intéressé', ''),
('ABC-044', 8, '2020-08-09 22:00:00', '2020-08-17 22:00:00', NULL, ''),
('ABC-044', 9, '2020-07-25 22:00:00', '2020-07-29 22:00:00', 'Pas intéressé', ''),
('ABC-044', 10, '2020-12-26 23:00:00', '2021-01-11 23:00:00', 'Pas intéressé', ''),
('ABC-044', 11, '2020-04-16 22:00:00', '2020-05-09 22:00:00', 'Demande réflexion', ''),
('ABC-044', 11, '2020-12-24 23:00:00', '2021-01-19 23:00:00', 'Demande réflexion', ''),
('ABC-044', 12, '2020-01-19 23:00:00', '2020-02-13 23:00:00', 'Demande réflexion', ''),
('ABC-044', 12, '2020-05-12 22:00:00', '2020-05-26 22:00:00', 'Demande réflexion', ''),
('ABC-044', 12, '2020-10-21 22:00:00', '2020-11-03 23:00:00', 'Demande réflexion', ''),
('ABC-044', 13, '2020-01-10 23:00:00', '2020-01-19 23:00:00', 'Pas intéressé', ''),
('ABC-044', 13, '2020-11-22 23:00:00', '2020-12-18 23:00:00', NULL, ''),
('ABC-044', 16, '2020-01-17 23:00:00', '2020-02-08 23:00:00', NULL, ''),
('ABC-044', 16, '2020-03-18 23:00:00', '2020-04-02 22:00:00', 'Intéressé', ''),
('ABC-044', 16, '2020-12-05 23:00:00', '2021-01-04 23:00:00', 'Demande réflexion', ''),
('ABC-044', 17, '2020-07-18 22:00:00', '2020-07-25 22:00:00', 'Intéressé', ''),
('ABC-044', 18, '2020-01-30 23:00:00', '2020-02-19 23:00:00', 'Intéressé', ''),
('ABC-044', 19, '2020-01-19 23:00:00', '2020-02-01 23:00:00', 'Pas intéressé', ''),
('ABC-044', 19, '2020-10-05 22:00:00', '2020-10-31 23:00:00', NULL, ''),
('ABC-044', 20, '2020-07-13 22:00:00', '2020-07-25 22:00:00', NULL, ''),
('ABC-044', 21, '2020-02-25 23:00:00', '2020-03-20 23:00:00', 'Intéressé', ''),
('ABC-044', 22, '2020-02-28 23:00:00', '2020-03-11 23:00:00', NULL, ''),
('ABC-044', 24, '2020-03-13 23:00:00', '2020-03-21 23:00:00', 'Demande réflexion', ''),
('ABC-044', 25, '2020-04-20 22:00:00', '2020-04-28 22:00:00', NULL, ''),
('ABC-044', 26, '2020-11-10 23:00:00', '2020-11-26 23:00:00', 'Demande réflexion', ''),
('ABC-044', 27, '2020-12-14 23:00:00', '2021-01-10 23:00:00', NULL, ''),
('ABC-044', 32, '2020-10-02 22:00:00', '2020-10-18 22:00:00', 'Demande réflexion', ''),
('ABC-045', 1, '2020-02-24 23:00:00', '2020-03-24 23:00:00', 'Demande réflexion', ''),
('ABC-045', 1, '2020-09-29 22:00:00', '2020-10-18 22:00:00', 'Pas intéressé', ''),
('ABC-045', 2, '2020-02-09 23:00:00', '2020-02-11 23:00:00', 'Demande réflexion', ''),
('ABC-045', 2, '2020-03-02 23:00:00', '2020-03-06 23:00:00', 'Demande réflexion', ''),
('ABC-045', 2, '2020-08-08 22:00:00', '2020-08-14 22:00:00', 'Pas intéressé', ''),
('ABC-045', 2, '2020-12-19 23:00:00', '2020-12-21 23:00:00', 'Intéressé', ''),
('ABC-045', 3, '2020-10-15 22:00:00', '2020-11-14 23:00:00', 'Pas intéressé', ''),
('ABC-045', 6, '2020-05-24 22:00:00', '2020-05-26 22:00:00', 'Pas intéressé', ''),
('ABC-045', 9, '2020-05-28 22:00:00', '2020-05-31 22:00:00', 'Intéressé', ''),
('ABC-045', 10, '2020-04-03 22:00:00', '2020-04-14 22:00:00', 'Demande réflexion', ''),
('ABC-045', 11, '2020-04-08 22:00:00', '2020-05-02 22:00:00', 'Demande réflexion', ''),
('ABC-045', 11, '2020-06-18 22:00:00', '2020-07-03 22:00:00', 'Pas intéressé', ''),
('ABC-045', 13, '2020-07-04 22:00:00', '2020-07-15 22:00:00', 'Intéressé', ''),
('ABC-045', 13, '2020-07-05 22:00:00', '2020-07-15 22:00:00', 'Demande réflexion', ''),
('ABC-045', 15, '2020-01-01 23:00:00', '2020-01-29 23:00:00', 'Demande réflexion', ''),
('ABC-045', 15, '2020-11-15 23:00:00', '2020-11-16 23:00:00', NULL, ''),
('ABC-045', 16, '2020-01-10 23:00:00', '2020-01-20 23:00:00', 'Intéressé', ''),
('ABC-045', 16, '2020-07-19 22:00:00', '2020-07-28 22:00:00', 'Demande réflexion', ''),
('ABC-045', 16, '2020-08-27 22:00:00', '2020-08-29 22:00:00', NULL, ''),
('ABC-045', 16, '2020-09-25 22:00:00', '2020-10-13 22:00:00', 'Pas intéressé', ''),
('ABC-045', 17, '2020-06-20 22:00:00', '2020-07-18 22:00:00', NULL, ''),
('ABC-045', 17, '2020-08-07 22:00:00', '2020-08-21 22:00:00', 'Demande réflexion', ''),
('ABC-045', 18, '2020-10-05 22:00:00', '2020-10-20 22:00:00', NULL, ''),
('ABC-045', 18, '2020-12-07 23:00:00', '2021-01-03 23:00:00', 'Demande réflexion', ''),
('ABC-045', 19, '2020-01-22 23:00:00', '2020-02-04 23:00:00', 'Intéressé', ''),
('ABC-045', 20, '2020-03-16 23:00:00', '2020-04-04 22:00:00', NULL, ''),
('ABC-045', 21, '2020-05-18 22:00:00', '2020-05-27 22:00:00', 'Pas intéressé', ''),
('ABC-045', 21, '2020-11-17 23:00:00', '2020-12-01 23:00:00', 'Pas intéressé', ''),
('ABC-045', 24, '2020-05-19 22:00:00', '2020-06-03 22:00:00', 'Intéressé', ''),
('ABC-045', 28, '2020-08-15 22:00:00', '2020-08-20 22:00:00', 'Pas intéressé', ''),
('ABC-045', 29, '2020-04-07 22:00:00', '2020-04-08 22:00:00', 'Intéressé', ''),
('ABC-045', 29, '2020-12-25 23:00:00', '2020-12-30 23:00:00', 'Intéressé', ''),
('ABC-045', 30, '2020-07-17 22:00:00', '2020-08-11 22:00:00', 'Demande réflexion', ''),
('ABC-045', 30, '2020-10-18 22:00:00', '2020-10-31 23:00:00', NULL, ''),
('ABC-045', 33, '2020-11-03 23:00:00', '2020-11-22 23:00:00', NULL, ''),
('ABC-046', 2, '2020-01-28 23:00:00', '2020-02-01 23:00:00', 'Demande réflexion', ''),
('ABC-046', 4, '2020-03-12 23:00:00', '2020-04-09 22:00:00', 'Pas intéressé', ''),
('ABC-046', 4, '2020-04-22 22:00:00', '2020-05-13 22:00:00', 'Pas intéressé', ''),
('ABC-046', 6, '2020-11-22 23:00:00', '2020-12-04 23:00:00', NULL, ''),
('ABC-046', 9, '2020-02-15 23:00:00', '2020-03-16 23:00:00', 'Intéressé', ''),
('ABC-046', 9, '2020-11-24 23:00:00', '2020-11-28 23:00:00', 'Intéressé', ''),
('ABC-046', 10, '2020-01-19 23:00:00', '2020-02-02 23:00:00', NULL, ''),
('ABC-046', 10, '2020-03-31 22:00:00', '2020-04-15 22:00:00', 'Intéressé', ''),
('ABC-046', 11, '2020-05-31 22:00:00', '2020-06-25 22:00:00', NULL, ''),
('ABC-046', 11, '2020-09-25 22:00:00', '2020-10-11 22:00:00', 'Demande réflexion', ''),
('ABC-046', 12, '2020-07-30 22:00:00', '2020-08-09 22:00:00', 'Pas intéressé', ''),
('ABC-046', 12, '2020-10-03 22:00:00', '2020-10-19 22:00:00', 'Demande réflexion', ''),
('ABC-046', 14, '2020-08-19 22:00:00', '2020-09-16 22:00:00', 'Pas intéressé', ''),
('ABC-046', 14, '2020-09-28 22:00:00', '2020-10-13 22:00:00', 'Pas intéressé', ''),
('ABC-046', 16, '2020-01-31 23:00:00', '2020-02-08 23:00:00', 'Pas intéressé', ''),
('ABC-046', 16, '2020-08-09 22:00:00', '2020-08-16 22:00:00', 'Intéressé', ''),
('ABC-046', 18, '2020-01-15 23:00:00', '2020-01-28 23:00:00', 'Demande réflexion', ''),
('ABC-046', 18, '2020-02-10 23:00:00', '2020-02-21 23:00:00', 'Intéressé', ''),
('ABC-046', 18, '2020-02-11 23:00:00', '2020-03-07 23:00:00', 'Demande réflexion', ''),
('ABC-046', 18, '2020-05-02 22:00:00', '2020-05-28 22:00:00', NULL, ''),
('ABC-046', 19, '2020-12-13 23:00:00', '2021-01-05 23:00:00', 'Pas intéressé', ''),
('ABC-046', 20, '2020-08-08 22:00:00', '2020-08-11 22:00:00', NULL, ''),
('ABC-046', 20, '2020-11-23 23:00:00', '2020-12-14 23:00:00', NULL, ''),
('ABC-046', 21, '2020-06-08 22:00:00', '2020-06-23 22:00:00', 'Demande réflexion', ''),
('ABC-046', 24, '2020-08-17 22:00:00', '2020-08-21 22:00:00', 'Intéressé', ''),
('ABC-046', 25, '2020-02-25 23:00:00', '2020-03-19 23:00:00', NULL, ''),
('ABC-046', 27, '2020-02-08 23:00:00', '2020-03-10 23:00:00', 'Pas intéressé', ''),
('ABC-046', 28, '2020-04-25 22:00:00', '2020-05-02 22:00:00', 'Pas intéressé', ''),
('ABC-046', 28, '2020-06-04 22:00:00', '2020-07-01 22:00:00', NULL, ''),
('ABC-046', 28, '2020-07-12 22:00:00', '2020-07-23 22:00:00', 'Pas intéressé', ''),
('ABC-046', 28, '2020-07-20 22:00:00', '2020-07-22 22:00:00', 'Intéressé', ''),
('ABC-046', 30, '2020-03-25 22:00:00', '2020-04-09 22:00:00', 'Demande réflexion', ''),
('ABC-046', 30, '2020-10-23 22:00:00', '2020-11-22 23:00:00', 'Demande réflexion', ''),
('ABC-046', 32, '2020-03-05 23:00:00', '2020-03-17 23:00:00', 'Intéressé', ''),
('ABC-047', 1, '2020-07-11 22:00:00', '2020-07-19 22:00:00', 'Demande réflexion', ''),
('ABC-047', 1, '2020-10-20 22:00:00', '2020-11-02 23:00:00', 'Intéressé', ''),
('ABC-047', 1, '2020-11-07 23:00:00', '2020-12-07 23:00:00', 'Pas intéressé', ''),
('ABC-047', 2, '2020-06-06 22:00:00', '2020-06-15 22:00:00', NULL, ''),
('ABC-047', 2, '2020-08-01 22:00:00', '2020-08-12 22:00:00', 'Pas intéressé', ''),
('ABC-047', 3, '2020-10-21 22:00:00', '2020-11-04 23:00:00', 'Intéressé', ''),
('ABC-047', 5, '2020-02-21 23:00:00', '2020-03-14 23:00:00', NULL, ''),
('ABC-047', 6, '2020-08-27 22:00:00', '2020-09-20 22:00:00', 'Intéressé', ''),
('ABC-047', 6, '2020-09-03 22:00:00', '2020-09-23 22:00:00', NULL, ''),
('ABC-047', 6, '2020-09-22 22:00:00', '2020-09-30 22:00:00', 'Intéressé', ''),
('ABC-047', 8, '2020-11-20 23:00:00', '2020-12-03 23:00:00', 'Intéressé', ''),
('ABC-047', 9, '2020-08-14 22:00:00', '2020-09-02 22:00:00', NULL, ''),
('ABC-047', 10, '2020-12-19 23:00:00', '2021-01-13 23:00:00', 'Intéressé', ''),
('ABC-047', 11, '2020-04-19 22:00:00', '2020-05-02 22:00:00', 'Intéressé', ''),
('ABC-047', 11, '2020-11-21 23:00:00', '2020-12-21 23:00:00', 'Pas intéressé', ''),
('ABC-047', 12, '2020-04-21 22:00:00', '2020-04-26 22:00:00', 'Intéressé', ''),
('ABC-047', 13, '2020-01-14 23:00:00', '2020-01-27 23:00:00', 'Intéressé', ''),
('ABC-047', 13, '2020-03-08 23:00:00', '2020-03-19 23:00:00', 'Pas intéressé', ''),
('ABC-047', 14, '2020-07-21 22:00:00', '2020-08-13 22:00:00', 'Pas intéressé', ''),
('ABC-047', 15, '2020-11-05 23:00:00', '2020-11-06 23:00:00', 'Pas intéressé', ''),
('ABC-047', 15, '2020-12-11 23:00:00', '2020-12-19 23:00:00', 'Intéressé', ''),
('ABC-047', 16, '2020-03-02 23:00:00', '2020-03-28 23:00:00', 'Pas intéressé', ''),
('ABC-047', 17, '2020-11-30 23:00:00', '2020-12-10 23:00:00', 'Demande réflexion', ''),
('ABC-047', 19, '2020-07-29 22:00:00', '2020-08-04 22:00:00', NULL, ''),
('ABC-047', 19, '2020-10-06 22:00:00', '2020-10-28 23:00:00', NULL, ''),
('ABC-047', 22, '2020-10-24 22:00:00', '2020-11-16 23:00:00', 'Pas intéressé', ''),
('ABC-047', 23, '2020-08-25 22:00:00', '2020-09-23 22:00:00', 'Demande réflexion', ''),
('ABC-047', 23, '2020-08-28 22:00:00', '2020-09-26 22:00:00', 'Demande réflexion', ''),
('ABC-047', 24, '2020-09-02 22:00:00', '2020-09-11 22:00:00', 'Pas intéressé', ''),
('ABC-047', 24, '2020-11-22 23:00:00', '2020-11-26 23:00:00', 'Pas intéressé', ''),
('ABC-047', 28, '2020-02-07 23:00:00', '2020-03-05 23:00:00', 'Demande réflexion', ''),
('ABC-047', 28, '2020-03-25 22:00:00', '2020-04-09 22:00:00', 'Intéressé', ''),
('ABC-047', 29, '2020-12-04 23:00:00', '2020-12-20 23:00:00', 'Intéressé', ''),
('ABC-048', 2, '2020-06-05 22:00:00', '2020-06-22 22:00:00', 'Pas intéressé', ''),
('ABC-048', 2, '2020-08-13 22:00:00', '2020-09-10 22:00:00', NULL, ''),
('ABC-048', 3, '2020-06-14 22:00:00', '2020-06-25 22:00:00', 'Intéressé', ''),
('ABC-048', 5, '2020-03-17 23:00:00', '2020-03-31 22:00:00', 'Pas intéressé', ''),
('ABC-048', 8, '2020-04-15 22:00:00', '2020-05-14 22:00:00', 'Intéressé', ''),
('ABC-048', 8, '2020-08-20 22:00:00', '2020-09-09 22:00:00', 'Intéressé', ''),
('ABC-048', 9, '2020-08-02 22:00:00', '2020-08-05 22:00:00', 'Pas intéressé', ''),
('ABC-048', 12, '2020-02-01 23:00:00', '2020-02-07 23:00:00', NULL, ''),
('ABC-048', 12, '2020-10-07 22:00:00', '2020-10-23 22:00:00', NULL, ''),
('ABC-048', 13, '2020-09-13 22:00:00', '2020-09-19 22:00:00', NULL, ''),
('ABC-048', 13, '2020-10-13 22:00:00', '2020-11-06 23:00:00', 'Demande réflexion', ''),
('ABC-048', 13, '2020-10-17 22:00:00', '2020-11-16 23:00:00', NULL, ''),
('ABC-048', 16, '2020-02-07 23:00:00', '2020-02-09 23:00:00', 'Intéressé', ''),
('ABC-048', 16, '2020-05-13 22:00:00', '2020-06-05 22:00:00', 'Intéressé', ''),
('ABC-048', 17, '2020-12-05 23:00:00', '2020-12-19 23:00:00', 'Pas intéressé', ''),
('ABC-048', 18, '2020-03-19 23:00:00', '2020-03-28 23:00:00', 'Pas intéressé', ''),
('ABC-048', 18, '2020-09-29 22:00:00', '2020-10-26 23:00:00', 'Demande réflexion', ''),
('ABC-048', 21, '2020-08-27 22:00:00', '2020-09-01 22:00:00', 'Demande réflexion', ''),
('ABC-048', 21, '2020-12-19 23:00:00', '2021-01-15 23:00:00', 'Demande réflexion', ''),
('ABC-048', 22, '2020-01-09 23:00:00', '2020-02-05 23:00:00', 'Pas intéressé', ''),
('ABC-048', 22, '2020-05-19 22:00:00', '2020-05-31 22:00:00', NULL, ''),
('ABC-048', 23, '2020-10-29 23:00:00', '2020-11-24 23:00:00', 'Demande réflexion', ''),
('ABC-048', 23, '2020-12-19 23:00:00', '2020-12-20 23:00:00', 'Intéressé', ''),
('ABC-048', 24, '2020-06-06 22:00:00', '2020-07-06 22:00:00', 'Pas intéressé', ''),
('ABC-048', 26, '2020-03-19 23:00:00', '2020-04-16 22:00:00', 'Intéressé', ''),
('ABC-048', 28, '2020-02-13 23:00:00', '2020-02-25 23:00:00', 'Demande réflexion', ''),
('ABC-048', 32, '2020-12-23 23:00:00', '2021-01-08 23:00:00', 'Demande réflexion', ''),
('ABC-048', 33, '2020-10-02 22:00:00', '2020-10-05 22:00:00', 'Intéressé', ''),
('ABC-048', 33, '2020-10-13 22:00:00', '2020-11-11 23:00:00', NULL, ''),
('ABC-049', 1, '2020-08-26 22:00:00', '2020-09-12 22:00:00', 'Demande réflexion', ''),
('ABC-049', 2, '2020-01-13 23:00:00', '2020-02-10 23:00:00', NULL, ''),
('ABC-049', 2, '2020-02-14 23:00:00', '2020-03-06 23:00:00', 'Pas intéressé', ''),
('ABC-049', 2, '2020-03-27 22:00:00', '2020-04-09 22:00:00', 'Intéressé', ''),
('ABC-049', 2, '2020-05-25 22:00:00', '2020-05-29 22:00:00', 'Demande réflexion', ''),
('ABC-049', 3, '2020-03-08 23:00:00', '2020-03-23 23:00:00', NULL, ''),
('ABC-049', 3, '2020-08-13 22:00:00', '2020-09-06 22:00:00', 'Intéressé', ''),
('ABC-049', 3, '2020-10-29 23:00:00', '2020-11-09 23:00:00', 'Demande réflexion', ''),
('ABC-049', 3, '2020-11-21 23:00:00', '2020-11-22 23:00:00', 'Pas intéressé', ''),
('ABC-049', 3, '2020-12-18 23:00:00', '2021-01-16 23:00:00', 'Intéressé', ''),
('ABC-049', 4, '2020-12-07 23:00:00', '2020-12-27 23:00:00', 'Pas intéressé', ''),
('ABC-049', 5, '2020-01-26 23:00:00', '2020-02-13 23:00:00', 'Intéressé', ''),
('ABC-049', 5, '2020-04-13 22:00:00', '2020-04-26 22:00:00', 'Demande réflexion', ''),
('ABC-049', 5, '2020-06-05 22:00:00', '2020-06-14 22:00:00', 'Pas intéressé', ''),
('ABC-049', 5, '2020-08-01 22:00:00', '2020-08-30 22:00:00', NULL, ''),
('ABC-049', 6, '2020-07-22 22:00:00', '2020-08-07 22:00:00', 'Intéressé', ''),
('ABC-049', 7, '2020-01-23 23:00:00', '2020-02-13 23:00:00', 'Demande réflexion', ''),
('ABC-049', 7, '2020-09-12 22:00:00', '2020-09-16 22:00:00', 'Pas intéressé', ''),
('ABC-049', 7, '2020-11-05 23:00:00', '2020-11-25 23:00:00', 'Pas intéressé', ''),
('ABC-049', 8, '2020-02-08 23:00:00', '2020-02-10 23:00:00', NULL, ''),
('ABC-049', 10, '2020-03-02 23:00:00', '2020-03-16 23:00:00', 'Demande réflexion', ''),
('ABC-049', 12, '2020-08-08 22:00:00', '2020-08-12 22:00:00', 'Demande réflexion', ''),
('ABC-049', 12, '2020-12-23 23:00:00', '2021-01-22 23:00:00', NULL, ''),
('ABC-049', 13, '2020-09-25 22:00:00', '2020-10-24 22:00:00', 'Pas intéressé', ''),
('ABC-049', 14, '2020-04-02 22:00:00', '2020-04-25 22:00:00', 'Demande réflexion', ''),
('ABC-049', 15, '2020-06-10 22:00:00', '2020-06-14 22:00:00', 'Intéressé', ''),
('ABC-049', 16, '2020-02-18 23:00:00', '2020-03-13 23:00:00', NULL, ''),
('ABC-049', 16, '2020-09-13 22:00:00', '2020-10-09 22:00:00', 'Demande réflexion', ''),
('ABC-049', 17, '2020-01-07 23:00:00', '2020-01-11 23:00:00', NULL, ''),
('ABC-049', 21, '2020-12-17 23:00:00', '2021-01-01 23:00:00', 'Pas intéressé', ''),
('ABC-049', 22, '2020-11-25 23:00:00', '2020-11-26 23:00:00', 'Demande réflexion', ''),
('ABC-049', 23, '2020-06-03 22:00:00', '2020-07-01 22:00:00', NULL, ''),
('ABC-049', 24, '2020-02-26 23:00:00', '2020-03-23 23:00:00', 'Intéressé', ''),
('ABC-049', 24, '2020-04-28 22:00:00', '2020-05-08 22:00:00', 'Demande réflexion', ''),
('ABC-049', 27, '2020-01-28 23:00:00', '2020-01-29 23:00:00', 'Demande réflexion', ''),
('ABC-049', 27, '2020-06-11 22:00:00', '2020-06-17 22:00:00', 'Demande réflexion', ''),
('ABC-049', 29, '2020-08-19 22:00:00', '2020-08-23 22:00:00', 'Demande réflexion', ''),
('ABC-049', 30, '2020-09-15 22:00:00', '2020-09-17 22:00:00', NULL, ''),
('ABC-050', 1, '2020-01-20 23:00:00', '2020-02-01 23:00:00', 'Demande réflexion', ''),
('ABC-050', 1, '2020-06-02 22:00:00', '2020-06-24 22:00:00', NULL, ''),
('ABC-050', 1, '2020-06-16 22:00:00', '2020-07-14 22:00:00', 'Pas intéressé', ''),
('ABC-050', 1, '2020-11-03 23:00:00', '2020-11-11 23:00:00', 'Demande réflexion', ''),
('ABC-050', 4, '2020-01-13 23:00:00', '2020-02-03 23:00:00', 'Demande réflexion', ''),
('ABC-050', 4, '2020-10-26 22:00:00', '2020-11-12 23:00:00', 'Demande réflexion', ''),
('ABC-050', 5, '2020-10-20 22:00:00', '2020-10-31 23:00:00', NULL, ''),
('ABC-050', 5, '2020-11-13 23:00:00', '2020-11-23 23:00:00', 'Intéressé', ''),
('ABC-050', 8, '2020-02-25 23:00:00', '2020-03-10 23:00:00', 'Demande réflexion', ''),
('ABC-050', 9, '2020-10-16 22:00:00', '2020-11-04 23:00:00', NULL, ''),
('ABC-050', 10, '2020-01-25 23:00:00', '2020-02-03 23:00:00', 'Intéressé', ''),
('ABC-050', 10, '2020-03-10 23:00:00', '2020-03-27 23:00:00', 'Demande réflexion', ''),
('ABC-050', 10, '2020-11-28 23:00:00', '2020-12-16 23:00:00', 'Pas intéressé', ''),
('ABC-050', 13, '2020-07-31 22:00:00', '2020-08-03 22:00:00', 'Intéressé', ''),
('ABC-050', 14, '2020-02-26 23:00:00', '2020-03-10 23:00:00', 'Pas intéressé', ''),
('ABC-050', 15, '2020-11-24 23:00:00', '2020-11-27 23:00:00', 'Intéressé', ''),
('ABC-050', 16, '2020-04-02 22:00:00', '2020-04-19 22:00:00', NULL, ''),
('ABC-050', 16, '2020-08-18 22:00:00', '2020-08-21 22:00:00', NULL, ''),
('ABC-050', 18, '2020-01-08 23:00:00', '2020-01-21 23:00:00', 'Intéressé', ''),
('ABC-050', 18, '2020-02-14 23:00:00', '2020-03-02 23:00:00', 'Intéressé', ''),
('ABC-050', 18, '2020-03-02 23:00:00', '2020-03-12 23:00:00', 'Pas intéressé', ''),
('ABC-050', 19, '2020-07-26 22:00:00', '2020-08-05 22:00:00', NULL, ''),
('ABC-050', 22, '2020-01-29 23:00:00', '2020-02-13 23:00:00', 'Pas intéressé', ''),
('ABC-050', 22, '2020-04-05 22:00:00', '2020-05-05 22:00:00', 'Demande réflexion', ''),
('ABC-050', 22, '2020-09-09 22:00:00', '2020-09-23 22:00:00', NULL, ''),
('ABC-050', 22, '2020-10-20 22:00:00', '2020-11-03 23:00:00', NULL, ''),
('ABC-050', 23, '2020-02-25 23:00:00', '2020-03-14 23:00:00', NULL, ''),
('ABC-050', 25, '2020-04-12 22:00:00', '2020-04-28 22:00:00', 'Demande réflexion', ''),
('ABC-050', 25, '2020-06-04 22:00:00', '2020-06-16 22:00:00', 'Demande réflexion', ''),
('ABC-050', 26, '2020-09-22 22:00:00', '2020-10-21 22:00:00', 'Demande réflexion', ''),
('ABC-050', 26, '2020-10-07 22:00:00', '2020-10-10 22:00:00', 'Pas intéressé', ''),
('ABC-050', 27, '2020-11-06 23:00:00', '2020-12-05 23:00:00', 'Demande réflexion', ''),
('ABC-050', 29, '2020-12-24 23:00:00', '2020-12-25 23:00:00', 'Pas intéressé', ''),
('ABC-050', 32, '2020-02-02 23:00:00', '2020-02-20 23:00:00', 'Pas intéressé', ''),
('ABC-050', 32, '2020-06-21 22:00:00', '2020-07-15 22:00:00', NULL, ''),
('ABC-051', 2, '2020-06-26 22:00:00', '2020-07-16 22:00:00', 'Intéressé', ''),
('ABC-051', 3, '2020-04-24 22:00:00', '2020-05-15 22:00:00', 'Demande réflexion', ''),
('ABC-051', 3, '2020-05-29 22:00:00', '2020-06-11 22:00:00', 'Demande réflexion', ''),
('ABC-051', 5, '2020-10-09 22:00:00', '2020-10-20 22:00:00', 'Intéressé', ''),
('ABC-051', 5, '2020-12-29 23:00:00', '2021-01-01 23:00:00', NULL, ''),
('ABC-051', 6, '2020-08-07 22:00:00', '2020-08-08 22:00:00', NULL, ''),
('ABC-051', 6, '2020-08-13 22:00:00', '2020-08-28 22:00:00', 'Pas intéressé', ''),
('ABC-051', 9, '2020-06-21 22:00:00', '2020-07-19 22:00:00', 'Pas intéressé', ''),
('ABC-051', 11, '2020-03-30 22:00:00', '2020-04-04 22:00:00', 'Intéressé', ''),
('ABC-051', 12, '2020-10-24 22:00:00', '2020-11-20 23:00:00', 'Pas intéressé', ''),
('ABC-051', 13, '2020-03-17 23:00:00', '2020-03-27 23:00:00', 'Pas intéressé', ''),
('ABC-051', 13, '2020-10-03 22:00:00', '2020-10-07 22:00:00', NULL, ''),
('ABC-051', 15, '2020-08-06 22:00:00', '2020-08-30 22:00:00', 'Pas intéressé', ''),
('ABC-051', 17, '2020-05-10 22:00:00', '2020-05-13 22:00:00', NULL, ''),
('ABC-051', 17, '2020-09-07 22:00:00', '2020-09-11 22:00:00', 'Demande réflexion', ''),
('ABC-051', 20, '2020-03-29 22:00:00', '2020-04-07 22:00:00', 'Intéressé', ''),
('ABC-051', 22, '2020-02-09 23:00:00', '2020-02-13 23:00:00', 'Pas intéressé', ''),
('ABC-051', 23, '2020-08-25 22:00:00', '2020-08-27 22:00:00', 'Pas intéressé', ''),
('ABC-051', 24, '2020-04-07 22:00:00', '2020-04-12 22:00:00', NULL, ''),
('ABC-051', 25, '2020-10-07 22:00:00', '2020-10-28 23:00:00', 'Intéressé', ''),
('ABC-051', 25, '2020-10-23 22:00:00', '2020-11-02 23:00:00', 'Demande réflexion', ''),
('ABC-051', 27, '2020-03-29 22:00:00', '2020-04-24 22:00:00', 'Pas intéressé', ''),
('ABC-051', 29, '2020-05-05 22:00:00', '2020-05-11 22:00:00', 'Intéressé', ''),
('ABC-051', 29, '2020-07-16 22:00:00', '2020-07-22 22:00:00', 'Demande réflexion', ''),
('ABC-051', 32, '2020-05-16 22:00:00', '2020-05-30 22:00:00', 'Intéressé', ''),
('ABC-051', 33, '2020-08-05 22:00:00', '2020-08-14 22:00:00', NULL, ''),
('ABC-052', 1, '2020-06-05 22:00:00', '2020-06-12 22:00:00', 'Intéressé', ''),
('ABC-052', 4, '2020-01-26 23:00:00', '2020-02-01 23:00:00', NULL, ''),
('ABC-052', 4, '2020-05-29 22:00:00', '2020-06-25 22:00:00', NULL, ''),
('ABC-052', 6, '2020-04-28 22:00:00', '2020-05-25 22:00:00', 'Pas intéressé', ''),
('ABC-052', 8, '2020-12-12 23:00:00', '2021-01-04 23:00:00', 'Intéressé', ''),
('ABC-052', 9, '2020-02-17 23:00:00', '2020-03-03 23:00:00', 'Intéressé', ''),
('ABC-052', 9, '2020-04-15 22:00:00', '2020-04-30 22:00:00', NULL, ''),
('ABC-052', 10, '2020-09-13 22:00:00', '2020-09-29 22:00:00', 'Pas intéressé', ''),
('ABC-052', 10, '2020-10-23 22:00:00', '2020-10-25 22:00:00', 'Intéressé', ''),
('ABC-052', 12, '2020-04-12 22:00:00', '2020-04-29 22:00:00', 'Intéressé', ''),
('ABC-052', 12, '2020-05-12 22:00:00', '2020-06-06 22:00:00', 'Demande réflexion', ''),
('ABC-052', 14, '2020-11-18 23:00:00', '2020-11-21 23:00:00', 'Pas intéressé', ''),
('ABC-052', 15, '2020-04-05 22:00:00', '2020-04-12 22:00:00', 'Pas intéressé', ''),
('ABC-052', 16, '2020-03-22 23:00:00', '2020-04-06 22:00:00', 'Demande réflexion', ''),
('ABC-052', 19, '2020-11-01 23:00:00', '2020-11-29 23:00:00', 'Intéressé', ''),
('ABC-052', 20, '2020-01-02 23:00:00', '2020-01-19 23:00:00', NULL, ''),
('ABC-052', 21, '2020-02-08 23:00:00', '2020-02-21 23:00:00', 'Pas intéressé', ''),
('ABC-052', 21, '2020-06-06 22:00:00', '2020-06-14 22:00:00', 'Demande réflexion', ''),
('ABC-052', 24, '2020-11-14 23:00:00', '2020-12-05 23:00:00', NULL, ''),
('ABC-052', 26, '2020-02-23 23:00:00', '2020-03-02 23:00:00', NULL, ''),
('ABC-052', 26, '2020-04-06 22:00:00', '2020-04-09 22:00:00', NULL, ''),
('ABC-052', 29, '2020-06-22 22:00:00', '2020-07-02 22:00:00', 'Pas intéressé', ''),
('ABC-052', 29, '2020-08-03 22:00:00', '2020-08-23 22:00:00', 'Pas intéressé', ''),
('ABC-052', 29, '2020-11-29 23:00:00', '2020-12-11 23:00:00', NULL, ''),
('ABC-052', 30, '2020-10-20 22:00:00', '2020-11-10 23:00:00', 'Pas intéressé', ''),
('ABC-052', 30, '2020-11-08 23:00:00', '2020-11-24 23:00:00', 'Pas intéressé', ''),
('ABC-052', 32, '2020-03-18 23:00:00', '2020-04-07 22:00:00', 'Intéressé', ''),
('ABC-052', 32, '2020-05-23 22:00:00', '2020-06-13 22:00:00', NULL, ''),
('ABC-052', 33, '2020-07-28 22:00:00', '2020-08-22 22:00:00', NULL, ''),
('ABC-053', 1, '2020-10-18 22:00:00', '2020-11-03 23:00:00', 'Pas intéressé', ''),
('ABC-053', 1, '2020-11-25 23:00:00', '2020-12-04 23:00:00', 'Pas intéressé', ''),
('ABC-053', 2, '2020-06-14 22:00:00', '2020-06-27 22:00:00', 'Intéressé', ''),
('ABC-053', 2, '2020-12-29 23:00:00', '2020-12-30 23:00:00', 'Intéressé', ''),
('ABC-053', 3, '2020-09-17 22:00:00', '2020-09-27 22:00:00', 'Pas intéressé', ''),
('ABC-053', 3, '2020-09-19 22:00:00', '2020-09-21 22:00:00', 'Intéressé', ''),
('ABC-053', 4, '2020-09-10 22:00:00', '2020-09-25 22:00:00', 'Intéressé', ''),
('ABC-053', 6, '2020-07-27 22:00:00', '2020-08-19 22:00:00', 'Intéressé', ''),
('ABC-053', 6, '2020-07-31 22:00:00', '2020-08-28 22:00:00', 'Demande réflexion', ''),
('ABC-053', 7, '2020-08-11 22:00:00', '2020-08-22 22:00:00', NULL, ''),
('ABC-053', 8, '2020-01-06 23:00:00', '2020-01-28 23:00:00', 'Demande réflexion', ''),
('ABC-053', 9, '2020-02-01 23:00:00', '2020-02-12 23:00:00', NULL, ''),
('ABC-053', 10, '2020-03-20 23:00:00', '2020-04-06 22:00:00', 'Intéressé', ''),
('ABC-053', 12, '2020-06-15 22:00:00', '2020-06-27 22:00:00', 'Demande réflexion', ''),
('ABC-053', 14, '2020-02-20 23:00:00', '2020-03-18 23:00:00', NULL, ''),
('ABC-053', 15, '2020-05-10 22:00:00', '2020-05-25 22:00:00', 'Intéressé', ''),
('ABC-053', 16, '2020-08-30 22:00:00', '2020-09-21 22:00:00', NULL, ''),
('ABC-053', 17, '2020-12-25 23:00:00', '2021-01-04 23:00:00', NULL, ''),
('ABC-053', 18, '2020-01-07 23:00:00', '2020-01-16 23:00:00', 'Demande réflexion', ''),
('ABC-053', 21, '2020-03-09 23:00:00', '2020-03-13 23:00:00', NULL, ''),
('ABC-053', 22, '2020-01-14 23:00:00', '2020-01-31 23:00:00', 'Intéressé', ''),
('ABC-053', 22, '2020-05-29 22:00:00', '2020-06-04 22:00:00', 'Demande réflexion', ''),
('ABC-053', 22, '2020-09-01 22:00:00', '2020-09-29 22:00:00', 'Pas intéressé', ''),
('ABC-053', 22, '2020-11-02 23:00:00', '2020-11-21 23:00:00', 'Pas intéressé', ''),
('ABC-053', 23, '2020-01-15 23:00:00', '2020-01-19 23:00:00', 'Pas intéressé', ''),
('ABC-053', 23, '2020-09-29 22:00:00', '2020-10-03 22:00:00', 'Intéressé', ''),
('ABC-053', 23, '2020-11-10 23:00:00', '2020-11-30 23:00:00', 'Intéressé', ''),
('ABC-053', 25, '2020-08-08 22:00:00', '2020-09-07 22:00:00', 'Pas intéressé', ''),
('ABC-053', 25, '2020-09-25 22:00:00', '2020-10-08 22:00:00', 'Demande réflexion', ''),
('ABC-053', 26, '2020-06-16 22:00:00', '2020-07-01 22:00:00', 'Demande réflexion', ''),
('ABC-053', 27, '2020-02-02 23:00:00', '2020-02-05 23:00:00', 'Pas intéressé', ''),
('ABC-053', 29, '2020-07-23 22:00:00', '2020-08-14 22:00:00', 'Pas intéressé', ''),
('ABC-053', 29, '2020-10-10 22:00:00', '2020-10-30 23:00:00', 'Demande réflexion', ''),
('ABC-053', 32, '2020-07-20 22:00:00', '2020-08-04 22:00:00', 'Pas intéressé', ''),
('ABC-053', 32, '2020-10-17 22:00:00', '2020-11-03 23:00:00', 'Pas intéressé', ''),
('ABC-053', 32, '2020-12-25 23:00:00', '2021-01-21 23:00:00', 'Pas intéressé', ''),
('ABC-053', 33, '2020-01-08 23:00:00', '2020-01-17 23:00:00', 'Pas intéressé', ''),
('ABC-054', 3, '2020-02-21 23:00:00', '2020-03-20 23:00:00', 'Pas intéressé', ''),
('ABC-054', 3, '2020-06-25 22:00:00', '2020-07-18 22:00:00', 'Pas intéressé', ''),
('ABC-054', 4, '2020-06-28 22:00:00', '2020-07-16 22:00:00', 'Demande réflexion', ''),
('ABC-054', 7, '2020-11-24 23:00:00', '2020-12-10 23:00:00', NULL, ''),
('ABC-054', 10, '2020-11-19 23:00:00', '2020-11-26 23:00:00', 'Pas intéressé', ''),
('ABC-054', 11, '2020-07-22 22:00:00', '2020-07-25 22:00:00', NULL, ''),
('ABC-054', 11, '2020-12-10 23:00:00', '2021-01-06 23:00:00', 'Intéressé', ''),
('ABC-054', 13, '2020-05-03 22:00:00', '2020-05-06 22:00:00', NULL, ''),
('ABC-054', 14, '2020-12-29 23:00:00', '2021-01-27 23:00:00', 'Pas intéressé', ''),
('ABC-054', 15, '2020-03-18 23:00:00', '2020-04-09 22:00:00', 'Intéressé', ''),
('ABC-054', 17, '2020-04-28 22:00:00', '2020-05-11 22:00:00', 'Intéressé', ''),
('ABC-054', 18, '2020-03-14 23:00:00', '2020-03-22 23:00:00', 'Intéressé', ''),
('ABC-054', 18, '2020-05-24 22:00:00', '2020-06-10 22:00:00', 'Intéressé', ''),
('ABC-054', 18, '2020-11-29 23:00:00', '2020-12-22 23:00:00', NULL, ''),
('ABC-054', 19, '2020-04-01 22:00:00', '2020-04-08 22:00:00', 'Intéressé', ''),
('ABC-054', 19, '2020-04-12 22:00:00', '2020-04-13 22:00:00', 'Intéressé', ''),
('ABC-054', 20, '2020-06-23 22:00:00', '2020-07-15 22:00:00', 'Intéressé', ''),
('ABC-054', 20, '2020-07-15 22:00:00', '2020-07-26 22:00:00', 'Pas intéressé', ''),
('ABC-054', 20, '2020-07-23 22:00:00', '2020-08-05 22:00:00', 'Pas intéressé', ''),
('ABC-054', 20, '2020-10-09 22:00:00', '2020-11-08 23:00:00', 'Pas intéressé', ''),
('ABC-054', 20, '2020-11-03 23:00:00', '2020-11-16 23:00:00', 'Intéressé', ''),
('ABC-054', 23, '2020-03-14 23:00:00', '2020-03-24 23:00:00', NULL, ''),
('ABC-054', 23, '2020-04-04 22:00:00', '2020-04-10 22:00:00', 'Intéressé', ''),
('ABC-054', 23, '2020-04-10 22:00:00', '2020-04-18 22:00:00', 'Pas intéressé', ''),
('ABC-054', 23, '2020-05-07 22:00:00', '2020-06-05 22:00:00', 'Demande réflexion', ''),
('ABC-054', 23, '2020-08-01 22:00:00', '2020-08-28 22:00:00', 'Pas intéressé', ''),
('ABC-054', 24, '2020-08-22 22:00:00', '2020-09-11 22:00:00', NULL, ''),
('ABC-054', 26, '2020-06-08 22:00:00', '2020-06-13 22:00:00', NULL, ''),
('ABC-054', 26, '2020-08-20 22:00:00', '2020-09-16 22:00:00', 'Demande réflexion', ''),
('ABC-054', 27, '2020-06-29 22:00:00', '2020-07-24 22:00:00', 'Pas intéressé', ''),
('ABC-054', 32, '2020-06-23 22:00:00', '2020-07-06 22:00:00', 'Intéressé', ''),
('ABC-054', 33, '2020-01-17 23:00:00', '2020-02-02 23:00:00', 'Intéressé', ''),
('ABC-054', 33, '2020-04-08 22:00:00', '2020-04-25 22:00:00', 'Demande réflexion', ''),
('ABC-054', 33, '2020-08-13 22:00:00', '2020-08-29 22:00:00', 'Demande réflexion', ''),
('ABC-054', 33, '2020-12-02 23:00:00', '2020-12-07 23:00:00', NULL, ''),
('ABC-054', 33, '2020-12-30 23:00:00', '2021-01-06 23:00:00', 'Intéressé', ''),
('ABC-055', 1, '2020-04-30 22:00:00', '2020-05-03 22:00:00', 'Intéressé', ''),
('ABC-055', 1, '2020-09-20 22:00:00', '2020-10-07 22:00:00', 'Pas intéressé', ''),
('ABC-055', 2, '2020-05-11 22:00:00', '2020-06-07 22:00:00', NULL, ''),
('ABC-055', 2, '2020-05-21 22:00:00', '2020-06-05 22:00:00', 'Demande réflexion', ''),
('ABC-055', 4, '2020-01-14 23:00:00', '2020-02-10 23:00:00', 'Demande réflexion', ''),
('ABC-055', 4, '2020-11-04 23:00:00', '2020-11-06 23:00:00', 'Demande réflexion', ''),
('ABC-055', 5, '2020-09-30 22:00:00', '2020-10-19 22:00:00', NULL, ''),
('ABC-055', 5, '2020-10-25 22:00:00', '2020-11-23 23:00:00', NULL, ''),
('ABC-055', 7, '2020-03-28 22:00:00', '2020-04-17 22:00:00', 'Pas intéressé', ''),
('ABC-055', 7, '2020-05-07 22:00:00', '2020-05-27 22:00:00', 'Pas intéressé', ''),
('ABC-055', 7, '2020-12-28 23:00:00', '2021-01-25 23:00:00', 'Demande réflexion', ''),
('ABC-055', 8, '2020-04-24 22:00:00', '2020-05-06 22:00:00', 'Intéressé', ''),
('ABC-055', 8, '2020-07-20 22:00:00', '2020-07-30 22:00:00', NULL, ''),
('ABC-055', 10, '2020-10-27 22:00:00', '2020-11-15 23:00:00', 'Demande réflexion', ''),
('ABC-055', 11, '2020-02-09 23:00:00', '2020-02-17 23:00:00', 'Intéressé', ''),
('ABC-055', 12, '2020-01-14 23:00:00', '2020-01-25 23:00:00', 'Intéressé', ''),
('ABC-055', 12, '2020-05-05 22:00:00', '2020-06-03 22:00:00', 'Demande réflexion', ''),
('ABC-055', 12, '2020-12-26 23:00:00', '2021-01-08 23:00:00', 'Pas intéressé', ''),
('ABC-055', 15, '2020-08-02 22:00:00', '2020-08-25 22:00:00', NULL, ''),
('ABC-055', 15, '2020-10-05 22:00:00', '2020-10-25 22:00:00', NULL, ''),
('ABC-055', 15, '2020-11-21 23:00:00', '2020-12-06 23:00:00', 'Pas intéressé', ''),
('ABC-055', 16, '2020-02-22 23:00:00', '2020-03-02 23:00:00', 'Intéressé', ''),
('ABC-055', 17, '2020-08-19 22:00:00', '2020-09-04 22:00:00', 'Demande réflexion', ''),
('ABC-055', 18, '2020-10-23 22:00:00', '2020-11-08 23:00:00', NULL, ''),
('ABC-055', 20, '2020-04-16 22:00:00', '2020-05-05 22:00:00', NULL, ''),
('ABC-055', 23, '2020-09-01 22:00:00', '2020-09-08 22:00:00', 'Pas intéressé', ''),
('ABC-055', 24, '2020-12-11 23:00:00', '2020-12-26 23:00:00', 'Demande réflexion', ''),
('ABC-055', 27, '2020-02-14 23:00:00', '2020-03-08 23:00:00', NULL, ''),
('ABC-055', 27, '2020-07-05 22:00:00', '2020-07-17 22:00:00', 'Intéressé', ''),
('ABC-055', 27, '2020-12-21 23:00:00', '2021-01-17 23:00:00', 'Pas intéressé', ''),
('ABC-055', 29, '2020-09-25 22:00:00', '2020-10-07 22:00:00', 'Pas intéressé', ''),
('ABC-055', 32, '2020-12-16 23:00:00', '2021-01-06 23:00:00', 'Demande réflexion', ''),
('ABC-055', 33, '2020-11-14 23:00:00', '2020-11-17 23:00:00', 'Pas intéressé', ''),
('ABC-056', 3, '2020-10-13 22:00:00', '2020-11-04 23:00:00', 'Intéressé', ''),
('ABC-056', 4, '2020-04-22 22:00:00', '2020-05-01 22:00:00', NULL, ''),
('ABC-056', 4, '2020-10-01 22:00:00', '2020-10-12 22:00:00', 'Intéressé', ''),
('ABC-056', 5, '2020-02-25 23:00:00', '2020-03-06 23:00:00', 'Pas intéressé', ''),
('ABC-056', 5, '2020-12-17 23:00:00', '2021-01-11 23:00:00', NULL, ''),
('ABC-056', 6, '2020-02-21 23:00:00', '2020-03-12 23:00:00', 'Intéressé', ''),
('ABC-056', 6, '2020-05-23 22:00:00', '2020-06-15 22:00:00', 'Demande réflexion', ''),
('ABC-056', 6, '2020-11-06 23:00:00', '2020-12-02 23:00:00', 'Intéressé', ''),
('ABC-056', 6, '2020-12-18 23:00:00', '2021-01-15 23:00:00', NULL, ''),
('ABC-056', 12, '2020-10-09 22:00:00', '2020-10-23 22:00:00', 'Pas intéressé', ''),
('ABC-056', 14, '2020-03-13 23:00:00', '2020-03-18 23:00:00', 'Intéressé', ''),
('ABC-056', 17, '2020-04-08 22:00:00', '2020-04-11 22:00:00', NULL, ''),
('ABC-056', 17, '2020-10-11 22:00:00', '2020-11-09 23:00:00', 'Intéressé', ''),
('ABC-056', 22, '2020-04-24 22:00:00', '2020-04-26 22:00:00', NULL, ''),
('ABC-056', 24, '2020-10-24 22:00:00', '2020-10-28 23:00:00', NULL, ''),
('ABC-056', 27, '2020-02-02 23:00:00', '2020-02-17 23:00:00', 'Pas intéressé', ''),
('ABC-056', 27, '2020-05-01 22:00:00', '2020-05-26 22:00:00', 'Intéressé', ''),
('ABC-056', 28, '2020-11-28 23:00:00', '2020-12-18 23:00:00', 'Demande réflexion', ''),
('ABC-056', 28, '2020-12-23 23:00:00', '2021-01-06 23:00:00', 'Demande réflexion', ''),
('ABC-056', 29, '2020-01-14 23:00:00', '2020-02-03 23:00:00', NULL, ''),
('ABC-056', 30, '2020-08-21 22:00:00', '2020-09-10 22:00:00', NULL, ''),
('ABC-056', 30, '2020-12-04 23:00:00', '2021-01-02 23:00:00', 'Intéressé', ''),
('ABC-056', 33, '2020-04-05 22:00:00', '2020-05-02 22:00:00', NULL, ''),
('ABC-056', 33, '2020-06-30 22:00:00', '2020-07-28 22:00:00', 'Intéressé', ''),
('ABC-057', 1, '2020-07-09 22:00:00', '2020-07-17 22:00:00', 'Intéressé', ''),
('ABC-057', 2, '2020-12-28 23:00:00', '2021-01-01 23:00:00', 'Demande réflexion', ''),
('ABC-057', 4, '2020-06-11 22:00:00', '2020-06-24 22:00:00', NULL, ''),
('ABC-057', 4, '2020-07-02 22:00:00', '2020-07-05 22:00:00', 'Intéressé', ''),
('ABC-057', 4, '2020-11-16 23:00:00', '2020-11-27 23:00:00', 'Demande réflexion', ''),
('ABC-057', 7, '2020-05-25 22:00:00', '2020-06-20 22:00:00', 'Pas intéressé', ''),
('ABC-057', 7, '2020-08-02 22:00:00', '2020-08-14 22:00:00', 'Intéressé', ''),
('ABC-057', 8, '2020-08-01 22:00:00', '2020-08-10 22:00:00', 'Intéressé', ''),
('ABC-057', 9, '2020-01-27 23:00:00', '2020-02-13 23:00:00', NULL, ''),
('ABC-057', 12, '2020-06-13 22:00:00', '2020-06-21 22:00:00', 'Intéressé', ''),
('ABC-057', 13, '2020-05-17 22:00:00', '2020-06-14 22:00:00', 'Pas intéressé', ''),
('ABC-057', 13, '2020-07-28 22:00:00', '2020-08-05 22:00:00', 'Pas intéressé', ''),
('ABC-057', 13, '2020-12-13 23:00:00', '2020-12-19 23:00:00', 'Pas intéressé', ''),
('ABC-057', 16, '2020-11-30 23:00:00', '2020-12-30 23:00:00', NULL, ''),
('ABC-057', 17, '2020-06-20 22:00:00', '2020-06-27 22:00:00', NULL, ''),
('ABC-057', 18, '2020-08-01 22:00:00', '2020-08-25 22:00:00', 'Demande réflexion', ''),
('ABC-057', 20, '2020-01-31 23:00:00', '2020-02-25 23:00:00', NULL, ''),
('ABC-057', 21, '2020-01-28 23:00:00', '2020-02-08 23:00:00', 'Intéressé', ''),
('ABC-057', 21, '2020-06-20 22:00:00', '2020-07-16 22:00:00', 'Intéressé', ''),
('ABC-057', 23, '2020-05-19 22:00:00', '2020-05-26 22:00:00', 'Pas intéressé', ''),
('ABC-057', 23, '2020-08-04 22:00:00', '2020-08-11 22:00:00', 'Demande réflexion', ''),
('ABC-057', 24, '2020-01-12 23:00:00', '2020-01-19 23:00:00', NULL, '');
INSERT INTO `visites` (`NumeroBien`, `NumeroClient`, `DateVisite`, `Prochaincontact`, `Interet`, `Remarques`) VALUES
('ABC-057', 25, '2020-01-24 23:00:00', '2020-02-12 23:00:00', 'Intéressé', ''),
('ABC-057', 25, '2020-09-24 22:00:00', '2020-10-21 22:00:00', 'Demande réflexion', ''),
('ABC-057', 26, '2020-04-05 22:00:00', '2020-04-27 22:00:00', 'Pas intéressé', ''),
('ABC-057', 27, '2020-07-27 22:00:00', '2020-08-06 22:00:00', 'Pas intéressé', ''),
('ABC-057', 32, '2020-06-21 22:00:00', '2020-07-12 22:00:00', NULL, ''),
('ABC-057', 33, '2020-09-18 22:00:00', '2020-10-17 22:00:00', 'Demande réflexion', ''),
('ABC-058', 3, '2020-01-13 23:00:00', '2020-01-28 23:00:00', 'Pas intéressé', ''),
('ABC-058', 5, '2020-10-08 22:00:00', '2020-10-27 23:00:00', 'Demande réflexion', ''),
('ABC-058', 6, '2020-10-15 22:00:00', '2020-11-02 23:00:00', 'Demande réflexion', ''),
('ABC-058', 7, '2020-09-17 22:00:00', '2020-10-17 22:00:00', 'Intéressé', ''),
('ABC-058', 7, '2020-11-26 23:00:00', '2020-11-27 23:00:00', 'Demande réflexion', ''),
('ABC-058', 11, '2020-07-05 22:00:00', '2020-07-21 22:00:00', 'Demande réflexion', ''),
('ABC-058', 11, '2020-07-14 22:00:00', '2020-07-25 22:00:00', 'Demande réflexion', ''),
('ABC-058', 12, '2020-02-16 23:00:00', '2020-03-05 23:00:00', 'Demande réflexion', ''),
('ABC-058', 13, '2020-02-07 23:00:00', '2020-02-13 23:00:00', 'Demande réflexion', ''),
('ABC-058', 13, '2020-04-19 22:00:00', '2020-05-08 22:00:00', 'Intéressé', ''),
('ABC-058', 14, '2020-02-06 23:00:00', '2020-03-06 23:00:00', 'Intéressé', ''),
('ABC-058', 16, '2020-03-14 23:00:00', '2020-04-01 22:00:00', 'Demande réflexion', ''),
('ABC-058', 16, '2020-08-31 22:00:00', '2020-09-09 22:00:00', 'Demande réflexion', ''),
('ABC-058', 16, '2020-09-11 22:00:00', '2020-10-02 22:00:00', 'Pas intéressé', ''),
('ABC-058', 16, '2020-10-05 22:00:00', '2020-10-21 22:00:00', NULL, ''),
('ABC-058', 17, '2020-04-01 22:00:00', '2020-04-22 22:00:00', NULL, ''),
('ABC-058', 17, '2020-09-01 22:00:00', '2020-09-12 22:00:00', 'Pas intéressé', ''),
('ABC-058', 18, '2020-03-19 23:00:00', '2020-04-13 22:00:00', 'Pas intéressé', ''),
('ABC-058', 19, '2020-01-23 23:00:00', '2020-02-14 23:00:00', NULL, ''),
('ABC-058', 19, '2020-02-07 23:00:00', '2020-02-23 23:00:00', 'Demande réflexion', ''),
('ABC-058', 19, '2020-08-27 22:00:00', '2020-09-13 22:00:00', 'Demande réflexion', ''),
('ABC-058', 20, '2020-08-28 22:00:00', '2020-09-13 22:00:00', 'Demande réflexion', ''),
('ABC-058', 21, '2020-11-06 23:00:00', '2020-11-21 23:00:00', NULL, ''),
('ABC-058', 25, '2020-01-28 23:00:00', '2020-01-30 23:00:00', NULL, ''),
('ABC-058', 28, '2020-10-15 22:00:00', '2020-11-12 23:00:00', NULL, ''),
('ABC-058', 29, '2020-12-14 23:00:00', '2020-12-25 23:00:00', 'Pas intéressé', ''),
('ABC-058', 33, '2020-01-31 23:00:00', '2020-02-02 23:00:00', 'Pas intéressé', ''),
('ABC-059', 2, '2020-02-21 23:00:00', '2020-02-22 23:00:00', 'Demande réflexion', ''),
('ABC-059', 2, '2020-07-03 22:00:00', '2020-07-06 22:00:00', 'Pas intéressé', ''),
('ABC-059', 2, '2020-08-01 22:00:00', '2020-08-14 22:00:00', 'Pas intéressé', ''),
('ABC-059', 3, '2020-03-12 23:00:00', '2020-03-22 23:00:00', 'Intéressé', ''),
('ABC-059', 5, '2020-10-23 22:00:00', '2020-10-31 23:00:00', 'Intéressé', ''),
('ABC-059', 5, '2020-12-01 23:00:00', '2020-12-27 23:00:00', 'Pas intéressé', ''),
('ABC-059', 5, '2020-12-14 23:00:00', '2020-12-22 23:00:00', 'Demande réflexion', ''),
('ABC-059', 6, '2020-05-26 22:00:00', '2020-06-23 22:00:00', 'Intéressé', ''),
('ABC-059', 7, '2020-03-26 22:00:00', '2020-04-01 22:00:00', NULL, ''),
('ABC-059', 7, '2020-07-23 22:00:00', '2020-08-02 22:00:00', NULL, ''),
('ABC-059', 8, '2020-01-08 23:00:00', '2020-02-04 23:00:00', 'Intéressé', ''),
('ABC-059', 10, '2020-10-15 22:00:00', '2020-10-28 23:00:00', 'Intéressé', ''),
('ABC-059', 11, '2020-02-06 23:00:00', '2020-03-02 23:00:00', NULL, ''),
('ABC-059', 11, '2020-10-12 22:00:00', '2020-10-24 22:00:00', 'Pas intéressé', ''),
('ABC-059', 11, '2020-12-03 23:00:00', '2020-12-19 23:00:00', 'Pas intéressé', ''),
('ABC-059', 12, '2020-05-21 22:00:00', '2020-05-31 22:00:00', 'Intéressé', ''),
('ABC-059', 12, '2020-11-19 23:00:00', '2020-11-26 23:00:00', 'Demande réflexion', ''),
('ABC-059', 13, '2020-01-13 23:00:00', '2020-01-15 23:00:00', 'Intéressé', ''),
('ABC-059', 13, '2020-08-01 22:00:00', '2020-08-26 22:00:00', 'Intéressé', ''),
('ABC-059', 14, '2020-11-06 23:00:00', '2020-11-13 23:00:00', 'Pas intéressé', ''),
('ABC-059', 16, '2020-06-19 22:00:00', '2020-07-10 22:00:00', NULL, ''),
('ABC-059', 17, '2020-01-20 23:00:00', '2020-02-13 23:00:00', 'Intéressé', ''),
('ABC-059', 18, '2020-05-15 22:00:00', '2020-05-26 22:00:00', 'Intéressé', ''),
('ABC-059', 18, '2020-11-01 23:00:00', '2020-11-11 23:00:00', 'Intéressé', ''),
('ABC-059', 19, '2020-10-27 22:00:00', '2020-11-16 23:00:00', 'Demande réflexion', ''),
('ABC-059', 19, '2020-12-14 23:00:00', '2020-12-15 23:00:00', 'Demande réflexion', ''),
('ABC-059', 20, '2020-11-27 23:00:00', '2020-11-30 23:00:00', 'Pas intéressé', ''),
('ABC-059', 22, '2020-03-04 23:00:00', '2020-04-02 22:00:00', 'Intéressé', ''),
('ABC-059', 22, '2020-04-09 22:00:00', '2020-04-20 22:00:00', 'Intéressé', ''),
('ABC-059', 23, '2020-04-07 22:00:00', '2020-04-29 22:00:00', 'Intéressé', ''),
('ABC-059', 24, '2020-10-16 22:00:00', '2020-10-20 22:00:00', 'Demande réflexion', ''),
('ABC-059', 24, '2020-11-21 23:00:00', '2020-12-12 23:00:00', 'Intéressé', ''),
('ABC-059', 25, '2020-07-20 22:00:00', '2020-08-07 22:00:00', NULL, ''),
('ABC-059', 26, '2020-04-15 22:00:00', '2020-05-02 22:00:00', 'Pas intéressé', ''),
('ABC-059', 27, '2020-03-09 23:00:00', '2020-04-02 22:00:00', 'Demande réflexion', ''),
('ABC-059', 27, '2020-05-15 22:00:00', '2020-06-08 22:00:00', NULL, ''),
('ABC-059', 29, '2020-05-01 22:00:00', '2020-05-20 22:00:00', 'Pas intéressé', ''),
('ABC-059', 30, '2020-02-28 23:00:00', '2020-03-14 23:00:00', 'Pas intéressé', ''),
('ABC-059', 33, '2020-07-30 22:00:00', '2020-08-26 22:00:00', 'Pas intéressé', ''),
('ABC-059', 33, '2020-12-20 23:00:00', '2020-12-23 23:00:00', NULL, ''),
('ABC-060', 3, '2020-04-30 22:00:00', '2020-05-14 22:00:00', 'Intéressé', ''),
('ABC-060', 3, '2020-08-27 22:00:00', '2020-08-31 22:00:00', 'Intéressé', ''),
('ABC-060', 3, '2020-09-09 22:00:00', '2020-10-08 22:00:00', 'Pas intéressé', ''),
('ABC-060', 4, '2020-06-15 22:00:00', '2020-06-22 22:00:00', 'Pas intéressé', ''),
('ABC-060', 4, '2020-12-18 23:00:00', '2020-12-30 23:00:00', 'Demande réflexion', ''),
('ABC-060', 5, '2020-11-11 23:00:00', '2020-11-24 23:00:00', NULL, ''),
('ABC-060', 6, '2020-06-20 22:00:00', '2020-07-09 22:00:00', 'Pas intéressé', ''),
('ABC-060', 7, '2020-02-24 23:00:00', '2020-03-07 23:00:00', 'Pas intéressé', ''),
('ABC-060', 7, '2020-08-05 22:00:00', '2020-09-01 22:00:00', NULL, ''),
('ABC-060', 8, '2020-05-05 22:00:00', '2020-05-25 22:00:00', 'Pas intéressé', ''),
('ABC-060', 9, '2020-07-26 22:00:00', '2020-08-21 22:00:00', 'Intéressé', ''),
('ABC-060', 11, '2020-01-31 23:00:00', '2020-02-17 23:00:00', 'Pas intéressé', ''),
('ABC-060', 11, '2020-12-26 23:00:00', '2021-01-15 23:00:00', 'Demande réflexion', ''),
('ABC-060', 15, '2020-01-30 23:00:00', '2020-02-22 23:00:00', 'Intéressé', ''),
('ABC-060', 15, '2020-07-14 22:00:00', '2020-07-23 22:00:00', 'Pas intéressé', ''),
('ABC-060', 15, '2020-09-02 22:00:00', '2020-09-30 22:00:00', NULL, ''),
('ABC-060', 15, '2020-09-05 22:00:00', '2020-09-26 22:00:00', 'Demande réflexion', ''),
('ABC-060', 18, '2020-08-28 22:00:00', '2020-09-21 22:00:00', 'Intéressé', ''),
('ABC-060', 18, '2020-12-15 23:00:00', '2021-01-08 23:00:00', 'Pas intéressé', ''),
('ABC-060', 19, '2020-01-25 23:00:00', '2020-02-08 23:00:00', 'Intéressé', ''),
('ABC-060', 19, '2020-02-26 23:00:00', '2020-03-28 23:00:00', 'Intéressé', ''),
('ABC-060', 20, '2020-06-02 22:00:00', '2020-06-06 22:00:00', 'Pas intéressé', ''),
('ABC-060', 23, '2020-04-10 22:00:00', '2020-05-03 22:00:00', 'Pas intéressé', ''),
('ABC-060', 23, '2020-05-14 22:00:00', '2020-05-31 22:00:00', 'Intéressé', ''),
('ABC-060', 23, '2020-10-16 22:00:00', '2020-10-30 23:00:00', 'Demande réflexion', ''),
('ABC-060', 24, '2020-09-08 22:00:00', '2020-10-02 22:00:00', 'Demande réflexion', ''),
('ABC-060', 25, '2020-01-13 23:00:00', '2020-01-20 23:00:00', 'Intéressé', ''),
('ABC-060', 25, '2020-06-19 22:00:00', '2020-06-27 22:00:00', 'Pas intéressé', ''),
('ABC-060', 25, '2020-06-27 22:00:00', '2020-07-03 22:00:00', 'Demande réflexion', ''),
('ABC-060', 27, '2020-04-08 22:00:00', '2020-04-23 22:00:00', 'Intéressé', ''),
('ABC-060', 27, '2020-11-18 23:00:00', '2020-11-22 23:00:00', 'Pas intéressé', ''),
('ABC-060', 29, '2020-01-30 23:00:00', '2020-02-21 23:00:00', 'Demande réflexion', ''),
('ABC-060', 29, '2020-10-10 22:00:00', '2020-10-28 23:00:00', 'Intéressé', ''),
('ABC-060', 30, '2020-11-21 23:00:00', '2020-12-07 23:00:00', 'Intéressé', ''),
('ABC-060', 33, '2020-04-08 22:00:00', '2020-04-13 22:00:00', 'Demande réflexion', '');

--
-- Index pour les tables exportées
--

--
-- Index pour la table `biens`
--
ALTER TABLE `biens`
  ADD PRIMARY KEY (`numerobien`),
  ADD KEY `fk_biens_numprop` (`numeroproprietaire`),
  ADD KEY `fk_biens_codeville` (`codeville`),
  ADD KEY `fk_biens_codetransaction` (`codetransaction`),
  ADD KEY `fk_biens_codebien` (`codebien`),
  ADD KEY `fk_biens_codecateg` (`codecategorie`);

--
-- Index pour la table `biensdetailsoptions`
--
ALTER TABLE `biensdetailsoptions`
  ADD PRIMARY KEY (`numerobien`,`codeoptions`),
  ADD KEY `fk_biensdetails_codeoption` (`codeoptions`);

--
-- Index pour la table `categoriesbiens`
--
ALTER TABLE `categoriesbiens`
  ADD PRIMARY KEY (`CodeCategorie`);

--
-- Index pour la table `categoriesoptions`
--
ALTER TABLE `categoriesoptions`
  ADD PRIMARY KEY (`CodeCategorie`);

--
-- Index pour la table `clients`
--
ALTER TABLE `clients`
  ADD PRIMARY KEY (`NumeroClient`),
  ADD KEY `fk_clients_codeville` (`CodeVille`);

--
-- Index pour la table `photos`
--
ALTER TABLE `photos`
  ADD PRIMARY KEY (`NumeroPhoto`),
  ADD KEY `fk_photos_numerobien` (`NumeroBien`);

--
-- Index pour la table `proprietaires`
--
ALTER TABLE `proprietaires`
  ADD PRIMARY KEY (`NumeroProprietaire`),
  ADD KEY `fk_prop_codeville` (`codeville`);

--
-- Index pour la table `recherches`
--
ALTER TABLE `recherches`
  ADD PRIMARY KEY (`numerorecherche`),
  ADD KEY `fk_rech_numeroclient` (`numeroclient`),
  ADD KEY `fk_rech_typetransact` (`typetransaction`),
  ADD KEY `fk_rech_typebien` (`typebien`);

--
-- Index pour la table `recherchesvilles`
--
ALTER TABLE `recherchesvilles`
  ADD PRIMARY KEY (`numerorecherche`,`codeville`),
  ADD KEY `fk_rechville_codeville` (`codeville`);

--
-- Index pour la table `typesbiens`
--
ALTER TABLE `typesbiens`
  ADD PRIMARY KEY (`codebien`);

--
-- Index pour la table `typesoptions`
--
ALTER TABLE `typesoptions`
  ADD PRIMARY KEY (`codeoption`),
  ADD KEY `fk_typesopt_categoption` (`categorieoption`);

--
-- Index pour la table `typestransactions`
--
ALTER TABLE `typestransactions`
  ADD PRIMARY KEY (`codetransaction`);

--
-- Index pour la table `villes`
--
ALTER TABLE `villes`
  ADD PRIMARY KEY (`codeville`);

--
-- Index pour la table `visites`
--
ALTER TABLE `visites`
  ADD PRIMARY KEY (`numerobien`,`numeroclient`,`datevisite`),
  ADD KEY `fk_visites_numeroclient` (`numeroclient`);

--
-- AUTO_INCREMENT pour les tables exportées
--

--
-- AUTO_INCREMENT pour la table `clients`
--
ALTER TABLE `clients`
  MODIFY `numeroclient` int(11) NOT NULL AUTO_INCREMENT, AUTO_INCREMENT=34;
--
-- AUTO_INCREMENT pour la table `photos`
--
ALTER TABLE `photos`
  MODIFY `numerophoto` int(11) NOT NULL AUTO_INCREMENT, AUTO_INCREMENT=4;
--
-- AUTO_INCREMENT pour la table `proprietaires`
--
ALTER TABLE `proprietaires`
  MODIFY `numeroproprietaire` int(11) NOT NULL AUTO_INCREMENT, AUTO_INCREMENT=38;
--
-- AUTO_INCREMENT pour la table `recherches`
--
ALTER TABLE `recherches`
  MODIFY `numerorecherche` int(11) NOT NULL AUTO_INCREMENT, AUTO_INCREMENT=40;
--
-- AUTO_INCREMENT pour la table `recherchesvilles`
--
ALTER TABLE `recherchesvilles`
  MODIFY `numerorecherche` int(11) NOT NULL AUTO_INCREMENT, AUTO_INCREMENT=40;
--
-- AUTO_INCREMENT pour la table `villes`
--
ALTER TABLE `villes`
  MODIFY `codeville` int(11) NOT NULL AUTO_INCREMENT, AUTO_INCREMENT=38;
--
-- Contraintes pour les tables exportées
--

--
-- Contraintes pour la table `biens`
--
ALTER TABLE `biens`
  ADD CONSTRAINT `fk_biens_codebien` FOREIGN KEY (`codebien`) REFERENCES `typesbiens` (`codebien`),
  ADD CONSTRAINT `fk_biens_codecateg` FOREIGN KEY (`codecategorie`) REFERENCES `categoriesbiens` (`codecategorie`),
  ADD CONSTRAINT `fk_biens_codetransaction` FOREIGN KEY (`codetransaction`) REFERENCES `typestransactions` (`codetransaction`),
  ADD CONSTRAINT `fk_biens_codeville` FOREIGN KEY (`codeville`) REFERENCES `villes` (`codeville`),
  ADD CONSTRAINT `fk_biens_numprop` FOREIGN KEY (`numeroproprietaire`) REFERENCES `proprietaires` (`numeroproprietaire`);

--
-- Contraintes pour la table `biensdetailsoptions`
--
ALTER TABLE `biensdetailsoptions`
  ADD CONSTRAINT `fk_biensdetails_codeoption` FOREIGN KEY (`codeoptions`) REFERENCES `typesoptions` (`codeoption`),
  ADD CONSTRAINT `fk_biensdetails_numerobien` FOREIGN KEY (`numerobien`) REFERENCES `biens` (`numerobien`);

--
-- Contraintes pour la table `clients`
--
ALTER TABLE `clients`
  ADD CONSTRAINT `fk_clients_codeville` FOREIGN KEY (`codeville`) REFERENCES `villes` (`codeville`);

--
-- Contraintes pour la table `photos`
--
ALTER TABLE `photos`
  ADD CONSTRAINT `fk_photos_numerobien` FOREIGN KEY (`numerobien`) REFERENCES `biens` (`numerobien`) ON DELETE CASCADE;

--
-- Contraintes pour la table `proprietaires`
--
ALTER TABLE `proprietaires`
  ADD CONSTRAINT `fk_prop_codeville` FOREIGN KEY (`codeville`) REFERENCES `villes` (`codeville`);

--
-- Contraintes pour la table `recherches`
--
ALTER TABLE `recherches`
  ADD CONSTRAINT `fk_rech_numeroclient` FOREIGN KEY (`numeroclient`) REFERENCES `clients` (`numeroclient`),
  ADD CONSTRAINT `fk_rech_typebien` FOREIGN KEY (`typebien`) REFERENCES `typesbiens` (`codebien`),
  ADD CONSTRAINT `fk_rech_typetransact` FOREIGN KEY (`typetransaction`) REFERENCES `typestransactions` (`codetransaction`);

--
-- Contraintes pour la table `recherchesvilles`
--
ALTER TABLE `recherchesvilles`
  ADD CONSTRAINT `fk_rechville_codeville` FOREIGN KEY (`codeville`) REFERENCES `villes` (`codeville`),
  ADD CONSTRAINT `fk_rechville_numrech` FOREIGN KEY (`numerorecherche`) REFERENCES `recherches` (`numerorecherche`);

--
-- Contraintes pour la table `typesoptions`
--
ALTER TABLE `typesoptions`
  ADD CONSTRAINT `fk_typesopt_categoption` FOREIGN KEY (`categorieoption`) REFERENCES `categoriesoptions` (`codecategorie`);

--
-- Contraintes pour la table `visites`
--
ALTER TABLE `visites`
  ADD CONSTRAINT `fk_visites_numerobien` FOREIGN KEY (`numerobien`) REFERENCES `biens` (`numerobien`),
  ADD CONSTRAINT `fk_visites_numeroclient` FOREIGN KEY (`numeroclient`) REFERENCES `clients` (`numeroclient`);

/*!40101 SET CHARACTER_SET_CLIENT=@OLD_CHARACTER_SET_CLIENT */;
/*!40101 SET CHARACTER_SET_RESULTS=@OLD_CHARACTER_SET_RESULTS */;
/*!40101 SET COLLATION_CONNECTION=@OLD_COLLATION_CONNECTION */;
